CreatureActionID,CreatureID,ActionTypeID,ActionTypeDescription
1,23,1,"Slam: Melee Weapon Attack: +4 to hit, reach 5 ft., one target. Hit: 5 (1d6 + 2) bludgeoning damage"
2,23,2,Multiattack: The armor makes two Melee Attacks.
3,26,1,"Rake. Melee Weapon Attack: +1 to hit, reach 5 ft., one target. Hit: (1d4 - 1) slashing damage."
4,30,1,"Bite. Melee Weapon Attack: +1 to hit, reach 5 ft., one target. Hit: (1d4 - 1) piercing damage."
5,31,1,"Bite. Melee Weapon Attack: +2 to hit, reach 5 ft., one target. Hit: (1d1) piercing damage."
6,43,1,"Bite. Melee Weapon Attack: +0 to hit, reach 5 ft., one creature. Hit: (1d1) piercing damage."
7,75,1,"Bite. Melee Weapon Attack: +2 to hit, reach 5 ft., one target. Hit: (1d4) piercing damage."
8,112,1,"Bite. Melee Weapon Attack: +1 to hit, reach 5 ft., one target. Hit: 2 (1d6 − 1) slashing damage."
9,142,1,"Bite. Melee Weapon Attack: +4 to hit, reach 5 ft., one creature. Hit: 1 piercing damage, and the target must succeed on a DC 10 Constitution saving throw or be poisoned for 1 minute. If the saving throw fails by 5 or more, the target is instead poisoned for 5 (1d10) minutes and unconscious while poisoned in this way"
10,145,1,"Bite. Melee Weapon Attack: +2 to hit, reach 5 ft., one target. Hit: 3 (1d6) piercing damage."
11,150,1,"Bite. Melee Weapon Attack: +1 to hit, reach 5 ft., one target. Hit: (1d4 - 1) piercing damage."
12,153,1,"Fist. Melee Weapon Attack: +3 to hit, reach 5 ft., one target. Hit: 2 (1d4) bludgeoning damage."
13,102,1,"Bite. Melee Weapon Attack: +2 to hit, reach 5 ft., one creature. Hit: 9 (2d6 + 2) piercing damage."
14,33,1,"Shortsword. Melee Weapon Attack: +3 to hit, reach 5 ft., one target. Hit: (1d6 + 1) slashing damage."
15,33,1,"Light Crossbow. Ranged Weapon Attack: +3 to hit, reach 80/320 ft., one target. Hit: (1d8 + 1) piercing damage."
16,37,1,"Shortsword. Melee Weapon Attack: +3 to hit, reach 5 ft., one target. Hit: (1d6 + 1) slashing damage."
17,102,1,"Claws. Melee Weapon Attack: +4 to hit, reach 5 ft., one target. Hit: 7 (2d4 + 2) slashing damage. If the target is a creature other than an elf or undead, it must succeed on a DC 10 Constitution saving throw or be paralyzed for 1 minute. The target can repeat the saving throw at the end of each of its turns, ending the effect on itself on a success."
18,202,5,"Shriek. When bright light or a creature is within 30 feet of the shrieker, it emits a shriek audible within 300 feet of it. The shrieker continues to shriek until the disturbance moves out of range and for 1d4 of the shrieker's turns afterward."
19,54,1,"Bite. Melee Weapon Attack: +4 to hit, reach 5 ft., one target. Hit: 7 (1d10 + 2) piercing damage."
20,54,4,"Fire Breath. The dragon exhales fire in an 20-foot line that is 5 feet wide. Each creature in that line must make a DC 11 Dexterity saving throw, taking 14 (4d6) fire damage on a failed save, or half as much damage on a successful one."
21,54,4,Sleep Breath. The dragon exhales sleep gas in a 15-foot cone. Each creature in that area must succeed on a DC 11 Constitution saving throw or fall unconscious for 1 minute. This effect ends for a creature if the creature takes damage or someone uses an action to wake it.
22,56,2,Multiattack. The bear makes two attacks: one with its bite and one with its claws.
23,56,1,"Bite. Melee Weapon Attack: +5 to hit, reach 5 ft., one target. Hit: (1d8 + 4) piercing damage."
24,56,1,"Claws. Melee Weapon Attack: +5 to hit, reach 5 ft., one target. Hit: (2d6 + 4) slashing damage."
25,57,1,"Morningstar. Melee Weapon Attack: +4 to hit, reach 5 ft., one target. Hit: 11 (2d8 + 2) piercing damage."
26,57,1,"Javelin. Melee or Ranged Weapon Attack: +4 to hit, reach 5 ft. or range 30/120 ft., one target. Hit: 9 (2d6 + 2) piercing damage in melee or 5 (1d6 + 2) piercing damage at range."
27,68,1,"Bite. Melee Weapon Attack: +4 to hit, reach 5 ft., one target. Hit: (1d10 + 2) piercing damage."
28,68,4,"Acid Breath. The dragon exhales acid in an 20-foot line that is 5 feet wide. Each creature in that line must make a DC 11 Dexterity saving throw, taking 18 (4d8) acid damage on a failed save, or half as much damage on a successful one. Slowing Breath. The dragon exhales gas in a 15-foot cone. Each creature in that area must succeed on a DC 11 Constitution saving throw. On a failed save, the creature can't use reactions, its speed is halved, and it can't make more than one attack on its turn. In addition, the creature can use either an action or a bonus action on its turn, but not both. These effects last for 1 minute. The creature can repeat the saving throw at the end of each of its turns, ending the effect on itself with a successful save."
29,73,2,Multiattack. The dog makes two bite attacks.
30,73,1,"Bite. Melee Weapon Attack: +4 to hit, reach 5 ft., one target. Hit: (1d6 + 2) piercing damage. If the target is a creature, it must succeed on a DC 12 Constitution saving throw against disease or become poisoned until the disease is cured. Every 24 hours that elapse, the creature must repeat the saving throw, reducing its hit point maximum by 5 (1d10) on a failure. This reduction lasts until the disease is cured. The creature dies if the disease reduces its hit point maximum to 0"
31,77,1,"Bite. Melee Weapon Attack: +5 to hit, reach 5 ft., one target. Hit: 10 (2d6 + 3) piercing damage. If the target is a creature, it must succeed on a DC 13 Strength saving throw or be knocked prone."
32,82,1,"Club. Melee Weapon Attack: +2 to hit (+6 to hit with shillelagh), reach 5 ft., one target. Hit: 2 (1d4) bludgeoning damage, or 8 (1d8 + 4) bludgeoning damage with shillelagh."
33,82,4,"Fey Charm. The dryad targets one humanoid or beast that she can see within 30 feet of her. If the target can see the dryad, it must succeed on a DC 14 Wisdom saving throw or be magically charmed."
34,82,4,"Entangle. A creature in the target area must succeed on a DC14 Strength saving throw or be restrained by the entangling plants until the spell ends. A creature restrained by the plants can use its action to make a Strength check against a DC14. On a success, it frees itself."
35,82,6,"Barkskin. Until the spell ends, the Dryad's skin has a rough, bark-like appearance.It's AC has been raised by 5."
36,82,6," Shillelagh. The wood of a club or quarterstaff the Dryad is holding is imbued with nature's power. For the duration, the Dryad can use its spellcasting ability instead of Strength for the attack and damage rolls of melee attacks using that weapon, and the weapon's damage die becomes a d8. The weapon also becomes magical, if it isn't already. The spell ends the Dryad can't cast it again or if you let go of the weapon."
37,83,6,"Enlarge (Recharges after a Short or Long Rest). For 1 minute, the duergar magically increases in size, along with anything it is wearing or carrying. While enlarged, the duergar is Large, doubles its damage dice on Strength-based weapon attacks (included in the attacks), and makes Strength checks and Strength saving throws with advantage. If the duergar lacks the room to become Large, it attains the maximum size possible in the space available."
38,83,1,"War Pick. Melee Weapon Attack: +4 to hit, reach 5 ft., one target. Hit: 6 (1d8 + 2) piercing damage, or 11 (2d8 + 2) piercing damage while enlarged."
39,83,1,"Javelin. Melee or Ranged Weapon Attack: +4 to hit, reach 5 ft. or range 30/120 ft., one target. Hit: 5 (1d6 + 2) piercing damage, or 9 (2d6 + 2) piercing damage while enlarged."
40,83,6,"Invisibility (Recharges after a Short or Long Rest). The duergar magically turns invisible until it attacks, casts a spell, or uses its Enlarge, or until its concentration is broken, up to 1 hour (as if concentrating on a spell). Any equipment the duergar wears or carries is invisible with it."
41,111,2,Multiattack: The eagle makes two attacks: one with its beak and one with its talons.
42,111,1,"Beak: Melee Weapon Attack: +5 to hit, reach 5 ft., one target. Hit: 6 (1d6 + 3) piercing damage."
43,111,1,"Talons: Melee Weapon Attack: +5 to hit, reach 5 ft., one target. Hit: 10 (2d6 + 3) slashing damage."
44,113,1,"Bite. Melee Weapon Attack: +5 to hit, reach 5 ft., one target. Hit: (2d6 + 3) piercing damage."
45,118,2,Multiattack: The Vulture makes two attacks: one with its beak and one with its talons.
46,118,1,"Beak: Melee Weapon Attack: +4 to hit, reach 5 ft., one target. Hit: 7 (2d4 + 2) piercing damage."
47,118,1,"Talons: Melee Weapon Attack: +4 to hit, reach 5 ft., one target. Hit: 9 (2d6 + 2) slashing damage."
48,136,2,Multiattack. The harpy makes two attacks: one with its claws and one with its club.
49,136,1,"Claws. Melee Weapon Attack: +3 to hit, reach 5 ft., one target. Hit: 6 (2d4 + 1) slashing damage."
50,136,1,"Club. Melee Weapon Attack: +3 to hit, reach 5 ft., one target. Hit: 3 (1d4 + 1) bludgeoning damage."
51,136,4,Luring Song. The harpy sings a magical melody. Every humanoid and giant within 300 feet of the harpy that can hear the song must succeed on a DC 11 Wisdom saving throw or be charmed until the song ends. The harpy must take a bonus action on its subsequent turns to continue singing. It can stop singing at any time. The song ends if the harpy is incapacitated.
52,140,2,Multiattack. The hippogriff makes two attacks: one with its beak and one with its claws.
53,140,1,"Beak. Melee Weapon Attack: +5 to hit, reach 5 ft., one target. Hit: 8 (1d10 + 3) piercing damage."
54,140,1,"Claws. Melee Weapon Attack: +5 to hit, reach 5 ft., one target. Hit: 10 (2d6 + 3) slashing damage."
55,148,1,"Sting (Bite in Beast Form). Melee Weapon Attack: +5 to hit, reach 5 ft., one target. Hit: 5 (1d4 + 3) piercing damage, and the target must make a DC 11 Constitution saving throw, taking 10 (3d6) poison damage on a failed save, or half as much damage on a successful one."
56,148,6,Invisibility. The imp magically turns invisible until it attacks or until its concentration ends (as if concentrating on a spell). Any equipment the imp wears or carries is invisible with it.
57,155,1,"Bite. Melee Weapon Attack: +5 to hit, reach 5 ft., one target. Hit: (1d8 + 3) piercing damage."
58,155,1,"Claw. Melee Weapon Attack: +5 to hit, reach 5 ft., one target. Hit: (1d6 + 3) slashing damage."
59,187,1,"Claws (Bite in Beast Form). Melee Weapon Attack: +4 to hit, reach 5 ft., one target. Hit: 5 (1d4 + 3) piercing damage, and the target must succeed on a DC 10 Constitution saving throw or take 5 (2d4) poison damage and become poisoned for 1 minute. The target can repeat the saving throw at the end of each of its turns, ending the effect on itself on a success."
60,187,4,"Scare (1/Day). One creature of the quasit's choice within 20 feet of it must succeed on a DC 10 Wisdom saving throw or be frightened for 1 minute. The target can repeat the saving throw at the end of each of its turns, with disadvantage if the quasit is within line of sight, ending the effect on itself on a success."
61,187,6,"Invisibility. The quasit magically turns invisible until it attacks or uses Scare, or until its concentration ends (as if concentrating on a spell). Any equipment the quasit wears or carries is invisible with it."
62,207,1,"Life Drain. Melee Spell Attack: +4 to hit, reach 5 ft., one creature. Hit: (3d6) necrotic damage. The target must succeed on a DC 10 Constitution saving throw or its hit point maximum is reduced by an amount equal to the damage taken. This reduction lasts until the creature finishes a long rest. The target dies if this effect reduces its hit point maximum to 0"
63,221,1,"Bite. Melee Weapon Attack: +5 to hit, reach 5 ft., one target. Hit: (1d10 + 3) piercing damage."
64,221,1,"Claw. Melee Weapon Attack: +5 to hit, reach 5 ft., one target. Hit: (1d8 + 3) slashing damage."
65,24,1,"Bite. Melee Weapon Attack: +5 to hit, reach 5 ft., one target. Hit: 10 (2d6 + 3) slashing damage plus 3 (1d6) acid damage. If the target is a Large or smaller creature, it is grappled (escape DC 13). Until this grapple ends, the ankheg can bite only the grappled creature and has advantage on attack rolls to do so."
66,24,4,"Acid Spray (Recharge 6). The ankheg spits acid in a line that is 30 feet long and 5 feet wide, provided that it has no creature grappled. Each creature in that line must make a DC 13 Dexterity saving throw, taking 10 (3d6) acid damage on a failed save, or half as much damage on a successful one."
67,27,1,"Slam. Melee Weapon Attack: +6 to hit, reach 10 ft., one target. Hit: 14 (3d6 + 4) bludgeoning damage."
68,29,1,"Warhammer. Melee Weapon Attack: +5 to hit, reach 5 ft., one target. Hit: 7 (1d8 + 3) bludgeoning damage, or 8 (1d10 + 3) bludgeoning damage if used with two hands to make a melee attack, plus 3 (1d6) fire damage."
69,34,2,Multiattack. The Bandit Captain makes two melee attacks or one ranged attack.
70,34,1,"Longsword: Melee Weapon Attack: +5 to hit, reach 5 ft., one target. Hit: 7 (1d8 + 3) slashing damage."
71,34,1,"Light Crossbow: Ranged Weapon Attack: +4 to hit, range 80 ft./320 ft., one target. Hit: 5 (1d8 + 2) piercing damage."
72,35,2,Multiattack. The Bandit Elite makes two melee attacks or one ranged attack.
73,35,1,"Longsword: Melee Weapon Attack: +3 to hit, reach 5 ft., one target. Hit: 6 (1d8 + 2) slashing damage."
74,35,1,"Light Crossbow: Ranged Weapon Attack: +3 to hit, range 80 ft./320 ft., one target. Hit: 5 (1d8 + 1) piercing damage."
76,36,1,"Scimitar. Melee Weapon Attack: +3 to hit, reach 5 ft., one target. Hit: (1d6 + 1) slashing damage."
77,36,1,"Light Crossbow. Ranged Weapon Attack: +3 to hit, reach 80/320 ft., one target. Hit: (1d8 + 1) piercing damage."
78,38,1,"Light Crossbow. Ranged Weapon Attack: +4 to hit, reach 80/320 ft., one target. Hit: (1d8 + 2) piercing damage."
79,38,3,"Scimitar. Melee Weapon Attack: +3 to hit, reach 5 ft., one target. Hit: (1d6 + 1) slashing damage."
80,39,1,"Light Crossbow. Ranged Weapon Attack: +5 to hit, reach 80/320 ft., one target. Hit: (1d8 + 2) piercing damage."
81,39,3,"Scimitar. Melee Weapon Attack: +3 to hit, reach 5 ft., one target. Hit: (1d6 + 1) slashing damage."
82,47,1,"Bite. Melee Weapon Attack: +4 to hit, reach 5 ft., one target. Hit: 7 (1d10 + 2) piercing damage plus 2 (1d4) acid damage."
83,47,4,"Acid Breath (Recharge 5–6). The dragon exhales acid in a 15-­foot line that is 5 feet wide. Each creature in that line must make a DC 11 Dexterity saving throw, taking 22 (5d8) acid damage on a failed save, or half as much damage on a successful one."
84,55,1,"Bite. Melee Weapon Attack: +5 to hit, reach 5 ft., one target. Hit: 8 (1d10 + 3) piercing damage."
85,55,4,"Lightning Breath. The dragon exhales lightning in a 40-foot line that is 5 feet wide. Each creature in that line must make a DC 12 Dexterity saving throw, taking 16 (3d10) lightning damage on a failed save, or half as much damage on a successful one."
86,55,4,"Repulsion Breath. The dragon exhales repulsion energy in a 30-foot cone. Each creature in that area must succeed on a DC 12 Strength saving throw. On a failed save, the creature is pushed 30 feet away from the dragon."
87,59,2,Multiattack. The centaur makes two attacks: one with its pike and one with its hooves or two with its longbow.
88,59,1,"Pike. Melee Weapon Attack: +6 to hit, reach 10 ft., one target. Hit: 9 (1d10 + 4) piercing damage."
89,59,1,"Hooves. Melee Weapon Attack: +6 to hit, reach 5 ft., one target. Hit: 11 (2d6 + 4) bludgeoning damage."
90,59,1,"Longbow. Ranged Weapon Attack: +4 to hit, range 150/600 ft., one target. Hit: 6 (1d8 + 2) piercing damage."
91,89,2,Multiattack. The ettercap makes two attacks: one with its bite and one with its claws.
92,89,1,"Bite. Melee Weapon Attack: +4 to hit, reach 5 ft., one creature. Hit: (1d8 + 2) piercing damage plus (1d8)poison damage. The target must succeed on a DC 11 Constitution saving throw or be poisoned for 1 minute. The creature can repeat the saving throw at the end of each of its turns, ending the effect on itself on a success"
93,89,1,"Claws. Melee Weapon Attack: +4 to hit, reach 5 ft., one target. Hit: (2d4 + 2) slashing damage."
94,89,4,"Web (Recharge 5-6). Ranged Weapon Attack: +4 to hit, reach 30/60 ft., one large or smaller creature. The creature is restrained by webbing. As an action, the restrained creature can make a DC 11 Strength check, escaping from the webbing on a success. The effect also ends if the webbing is destroyed. The webbing has AC 10, 5 hit points, vulnerability to fire damage, and immunity to bludgeoning, poison, and psychic damage."
95,98,2,Multiattack: The gargoyle makes two attacks: one with its bite and one with its claws.
96,98,1,"Bite: Melee Weapon Attack: +4 to hit, reach 5 ft., one target. Hit: 5 (1d6 + 2) piercing damage."
97,98,1,"Claws: Melee Weapon Attack: +4 to hit, reach 5 ft., one target. Hit: 5 (1d6 + 2) slashing damage."
98,99,1,"Pseudopod. Melee Weapon Attack: +4 to hit, reach 5 ft., one creature. Hit: 10 (3d6) acid damage."
99,99,1,"Engulf. The cube moves up to its speed. While doing so, it can enter Large or smaller creatures' spaces. Whenever the cube enters a creature's space, the creature must make a DC 12 Dexterity saving throw. On a successful save, the creature can choose to be pushed 5 feet back or to the side of the cube. A creature that chooses not to be pushed suffers the consequences of a failed saving throw. On a failed save, the cube enters the creature's space, and the creature takes 10 (3d6) acid damage and is engulfed. The engulfed creature can't breathe, is restrained, and takes 21 (6d6) acid damage at the start of each of the cube's turns. When the cube moves, the engulfed creature moves with it. An engulfed creature can try to escape by taking an action to make a DC 12 Strength check. On a success, the creature escapes and enters a space of its choice within 5 feet of the cube."
100,100,1,"Bite: Melee Weapon Attack: +3 to hit, reach 5 ft., one creature. Hit: 12 (2d8 + 3) piercing damage."
101,100,1,"Claws: Melee Weapon Attack: +5 to hit, reach 5 ft., one target. Hit: 10 (2d6 + 3) slashing damage. If the target is a creature other than an Undead, it must succeed on a DC 10 Constitution saving throw or be Paralyzed for 1 minute. The target can repeat the saving throw at the end of each of its turns, Ending the Effect on itself on a success."
102,106,1,"Tusk: Melee Weapon Attack: +5 to hit, reach 5 ft., one target. Hit: 10 (2d6 + 3) slashing damage. (Charge)  If the boar moves at least 20 ft. straight toward a target and then hits it with a tusk Attack on the same turn, the target takes an extra 7 (2d6) slashing damage. If the target is a creature, it must succeed on a DC 13 Strength saving throw or be knocked prone."
103,108,1,"Bite. Melee Weapon Attack: +6 to hit, reach 10 ft., one creature. Hit: 11 (2d6 + 4) piercing damage."
104,108,1,"Constrict. Melee Weapon Attack: +6 to hit, reach 5 ft., one creature. Hit: 13 (2d8 + 4) bludgeoning damage, and the target is grappled (escape DC 16). Until this grapple ends, the creature is restrained, and the snake can't constrict another target."
105,122,2,"Multiattack. The gibbering mouther makes one bite attack and, if it can, uses its Blinding Spittle."
106,122,1,"Bite. Melee Weapon Attack: +2 to hit, reach 5 ft., one creature. Hit: 17 (5d6) piercing damage. If the target is Medium or smaller, it must succeed on a DC 10 Strength saving throw or be knocked prone. If the target is killed by this damage, it is absorbed into the mouther."
107,122,1,Blinding Spittle (Recharge 5–6). The mouther spits a chemical glob at a point it can see within 15 feet of it. The glob explodes in a blinding flash of light on impact. Each creature within 5 feet of the flash must succeed on a DC 13 Dexterity saving throw or be blinded until the end of the mouther's next turn.
108,129,1,"Bite. Melee Weapon Attack: +4 to hit, reach 5 ft., one target. Hit: 7 (1d10 + 2) piercing damage plus 3 (1d6) poison damage."
109,129,4,"Poison Breath (Recharge 5–6). The dragon exhales poisonous gas in a 15-foot cone. Each creature in that area must make a DC 11 Constitution saving throw, taking 21 (6d6) poison damage on a failed save, or half as much damage on a successful one."
110,131,2,"Multiattack. The grick makes one attack with its tentacles. If that attack hits, the grick can make one beak attack against the same target."
111,131,1,"Tentacles. Melee Weapon Attack: +4 to hit, reach 5 ft., one target. Hit: 9 (2d6 + 2) slashing damage."
112,131,1,"Beak. Melee Weapon Attack: +4 to hit, reach 5 ft., one target. Hit: 5 (1d6 + 2) piercing damage."
113,132,2,Multiattack: The griffon makes two attacks: one with its beak and one with its claws.
114,132,1,"Beak: Melee Weapon Attack: +6 to hit, reach 5 ft., one target. Hit: 8 (1d8 + 4) piercing damage."
115,132,1,"Claws: Melee Weapon Attack: +6 to hit, reach 5 ft., one target. Hit: 11 (2d6 + 4) slashing damage."
116,162,1,"Pseudopod. Melee Weapon Attack: +5 to hit, reach 5 ft., one target. Hit: 7 (1d8 + 3) bludgeoning damage. If the mimic is in object form, the target is subjected to its Adhesive trait."
117,162,1,"Bite. Melee Weapon Attack: +5 to hit, reach 5 ft., one target. Hit: 7 (1d8 + 3) piercing damage plus 4 (1d8) acid damage."
118,164,1,"Greataxe. Melee Weapon Attack: +6 to hit, reach 5 ft., one target. Hit: 17 (2d12 + 4) slashing damage."
119,164,1,"Gore. Melee Weapon Attack: +6 to hit, reach 5 ft., one target. Hit: 13 (2d8 + 4) piercing damage."
120,170,2,Multiattack. The nothic makes two claw attacks.
121,170,1,"Claw. Melee Weapon Attack: +4 to hit, reach 5 ft., one target. Hit: 6 (1d6 + 3) slashing damage."
122,170,4,Rotting Gaze. The nothic targets one creature it can see within 30 feet of it. The target must succeed on a DC 12 Constitution saving throw against this magic or take 10 (3d6) necrotic damage.
123,171,1,"Pseudopod. Melee Weapon Attack: +4 to hit, reach 5 ft., one target. Hit: 9 (2d6 + 2) bludgeoning damage plus 3 (1d6) acid damage."
124,171,5,"Split. When a jelly that is Medium or larger is subjected to lightning or slashing damage, it splits into two new jellies if it has at least 10 hit points. Each new jelly has hit points equal to half the original jelly's, rounded down. New jellies are one size smaller than the original jelly."
125,172,1,"Greatclub. Melee Weapon Attack: +6 to hit, reach 5 ft., one target. Hit: 13 (2d8 + 4) bludgeoning damage."
126,172,1,"Javelin. Melee or Ranged Weapon Attack: +6 to hit, reach 5 ft. or range 30/120 ft., one target. Hit: 11 (2d6 + 4) piercing damage."
127,173,1,"Morningstar. Melee Weapon Attack: +6 to hit, reach 5 ft., one target. Hit: (2d8 + 4) bludgeoning damage."
128,179,1,"Hooves. Melee Weapon Attack: +6 to hit, reach 5 ft., one target. Hit: (2d6 + 4) bludgeoning damage."
129,184,2,Multiattack: The bear makes two attacks: one with its bite and one with its claws.
130,184,1,"Bite: Melee Weapon Attack: +7 to hit, reach 5 ft., one target. Hit: 9 (1d8 + 5) piercing damage."
131,184,1,"Claws: Melee Weapon Attack: +7 to hit, reach 5 ft., one target. Hit: 12 (2d6 + 5) slashing damage."
132,195,1,"Bite. Melee Weapon Attack: +6 to hit, reach 5 ft., one target. Hit: 10 (1d10 + 5) piercing damage."
133,195,1,"Claw. Melee Weapon Attack: +6 to hit, reach 5 ft., one target. Hit: 12 (2d6 + 5) slashing damage."
134,203,1,"Bite. Melee Weapon Attack: +6 to hit, reach 5 ft., one target. Hit: 9 (1d10 + 4) piercing damage"
135,203,4,"Cold Breath. The dragon exhales an icy blast in a 15-foot cone. Each creature in that area must make a DC 13 Constitution saving throw, taking 18 (4d8) cold damage on a failed save, or half as much damage on a successful one."
136,203,4,"Paralyzing Breath. The dragon exhales paralyzing gas in a 15-foot cone. Each creature in that area must succeed on a DC 13 Constitution saving throw or be paralyzed for 1 minute. A creature can repeat the saving throw at the end of each of its turns, ending the effect on itself on a success."
137,218,1,"Bites (swarm has more than half HP). Melee Weapon Attack: +6 to hit, reach 0 ft., one creature in the swarm's space. Hit: (2d6) piercing damage. The target must make a DC 10 Constitution saving throw, taking 14 (4d6) poison damage on a failed save, or half as much damage on a successful one."
138,218,1,"Bites (swarm has half HP or less). Melee Weapon Attack: +6 to hit, reach 0 ft., one creature in the swarm's space. Hit: (1d6) piercing damage. The target must make a DC 10 Constitution saving throw, taking 14 (4d6) poison damage on a failed save, or half as much damage on a successful one."
139,231,2,"Multiattack (Humanoid or Hybrid Form Only): The wererat makes two attacks, only one of which can be a bite."
140,231,1,"Bite (Rat or Hybrid Form Only).: Melee Weapon Attack: +4 to hit, reach 5 ft., one target. Hit: 4 (1d4 + 2) piercing damage. If the target is a Humanoid, it must succeed on a DC 11 Constitution saving throw or be Cursed with wererat lycanthropy."
141,231,1,"Shortsword (Humanoid or Hybrid Form Only): Melee Weapon Attack: +4 to hit, reach 5 ft., one target. Hit: 5 (1d6 + 2) piercing damage."
142,231,1,"Hand Crossbow (Humanoid or Hybrid Form Only): Ranged Weapon Attack: +4 to hit, range 30/120 ft., one target. Hit: 5 (1d6 + 2) piercing damage."
143,234,1,"Bite. Melee Weapon Attack: +4 to hit, reach 5 ft., one target. Hit: 7 (1d10 + 2) piercing damage plus 2 (1d4) cold damage."
144,234,4,"Cold Breath (Recharge 5–6). The dragon exhales an icy blast of hail in a 15-foot cone. Each creature in that area must make a DC 12 Constitution saving throw, taking 22 (5d8) cold damage on a failed save, or half as much damage on a successful one."
145,238,1,"Shock: Melee Spell Attack: +4 to hit, reach 5 ft., one creature. Hit: 9 (2d8) lightning damage."
146,238,6,"Invisibility: The will-o’-wisp and its light magically become Invisible until it attacks or uses its Consume Life, or until its Concentration ends (as if concentrating on a spell)."
147,25,2,Multiattack. The ape makes two fist attacks.
148,25,1,"Fist. Melee Weapon Attack: +5 to hit, reach 5 ft., one target. Hit: (1d6 + 3) bludgeoning damage."
149,25,3,"Rock. Ranged Weapon Attack: +5 to hit, reach 25/50 ft., one target. Hit: (1d6 + 3) bludgeoning damage."
150,46,2,Multiattack: The bear makes two attacks: one with its bite and one with its claws.
151,46,1,"Bite: Melee Weapon Attack: +3 to hit, reach 5 ft., one target. Hit: 5 (1d6 + 2) piercing damage."
152,46,1,"Claws: Melee Weapon Attack: +3 to hit, reach 5 ft., one target. Hit: 7 (2d4 + 2) slashing damage."
153,66,1,"Bite. Melee Weapon Attack: +3 to hit, reach 5 ft., one creature. Hit: 3 (1d4 + 1) piercing damage, and the target must succeed on a DC 11 Constitution saving throw against being magically petrified. On a failed save, the creature begins to turn to stone and is restrained. It must repeat the saving throw at the end of its next turn. On a success, the effect ends. On a failure, the creature is petrified for 24 hours."
154,70,1,"Bite. Melee Weapon Attack: +4 to hit, reach 5 ft., one creature. Hit: (1d10 + 2) piercing damage. The target is grappled (escape dc 12) Until this grapple ends, the target is restrained, and the crocodile can't bite another target"
155,72,1,"Crush. Melee Weapon Attack: +5 to hit, reach 5 ft., one creature. Hit: (1d6 + 3) bludgeoning damage. The darkmantle attaches to the target If the target is Medium or smaller and the darkmantle has advantage on the attack roll, it attaches by engulfing the target's head, and the target is also blinded and unable to breathe while the darkmantle is attached in this way.
While attached to the target, the darkmantle can attack no other creature except the target but has advantage on its attack rolls. The darkmantle's speed also becomes 0, it can't benefit from any bonus to its speed, and it moves with the target.
A creature can detach the darkmantle by making a successful DC 13 Strength check as an action. On its turn, the darkmantle can detach itself from the target by using 5 feet of movement"
156,72,4,"Darkness Aura (1/day). A 15-foot radius of magical darkness extends out from the darkmantle, moves with it, and spreads around corners. The darkness lasts as long as the darkmantle maintains concentration, up to 10 minutes (as if concentrating on a spell). Darkvision can't penetrate this darkness, and no natural light can illuminate it. If any of the darkness overlaps with an area of light created by a spell of 2nd level or lower, the spell creating the light is dispelled."
157,74,1,"War Pick. Melee Weapon Attack: +4 to hit, reach 5 ft., one target. Hit: 6 (1d8 + 2) piercing damage."
158,74,3,"Poisoned Dart. Ranged Weapon Attack: +4 to hit, range 30/120 ft., one creature. Hit: 4 (1d4 + 2) piercing damage, and the target must succeed on a DC 12 Constitution saving throw or be poisoned for 1 minute. The target can repeat the saving throw at the end of each of its turns, ending the effect on itself on a success."
159,84,1,"Claws. Melee Weapon Attack: +4 to hit, reach 5 ft., one creature. Hit: 4 (1d4 + 2) slashing damage."
160,84,4,"Blinding Breath (Recharge 6). The mephit exhales a 15- foot cone of blinding dust. Each creature in that area must succeed on a DC 10 Dexterity saving throw or be blinded for 1 minute. A creature can repeat the saving throw at the end of each of its turns, ending the effect on itself on a success."
161,119,1,"Sting. Melee Weapon Attack: +4 to hit, reach 5 ft., one creature. Hit: 5 (1d6 + 2) piercing damage, and the target must make a DC 11 Constitution saving throw, taking 10 (3d6) poison damage on a failed save, or half as much damage on a successful one. If the poison damage reduces the target to 0 hit points, the target is stable but poisoned for 1 hour, even after regaining hit points, and is paralyzed while poisoned in this way."
162,124,3,"Bite. Melee Weapon Attack: +4 to hit, reach 5 ft., one creature. Hit: (1d4 + 2) piercing damage."
163,124,1,"Spear. Melee Weapon Attack: +4 to hit, reach 5 ft., one target. Hit: (1d8 + 2) piercing damage. two handed"
164,124,1,"Spear. Melee Weapon Attack: +4 to hit, reach 5 ft., one target. Hit: (1d6 + 2) piercing damage."
165,124,1,"Spear. Ranged Weapon Attack: +4 to hit, reach 20/60 ft., one target. Hit: (1d6 + 2) piercing damage."
166,124,1,"Longbow. Ranged Weapon Attack: +3 to hit, reach 150/600 ft., one target. Hit: (1d8 + 1) piercing damage."
167,128,1,"Pseudopod. Melee Weapon Attack: +3 to hit, reach 5 ft., one target. Hit: (1d6 + 1) bludgeoning damage plus (2d6)acid damage. If the target is wearing nonmagical metal armor, its armor is partly corroded and takes a permanent and cumulative -1 penalty to the ac it offers The armor is destroyed if the penalty reduces its AC to 10"
168,141,1,"Longsword. Melee Weapon Attack: +3 to hit, reach 5 ft., one target. Hit: 5 (1d8 + 1) slashing damage, or 6 (1d10 + 1) slashing damage if used with two hands."
169,141,1,"Longbow. Ranged Weapon Attack: +3 to hit, range 150/600 ft., one target. Hit: 5 (1d8 + 1) piercing damage."
170,147,1,"Claws. Melee Weapon Attack: +3 to hit, reach 5 ft., one creature. Hit: 3 (1d4 + 1) slashing damage plus 2 (1d4) cold damage."
171,147,4,"Frost Breath (Recharge 6). The mephit exhales a 15- foot cone of cold air. Each creature in that area must succeed on a DC 10 Dexterity saving throw, taking 5 (2d4) cold damage on a failed save, or half as much damage on a successful one."
172,156,2,"Multiattack. The lizardfolk makes two melee attacks, each one with a different weapon."
173,156,3,"Bite. Melee Weapon Attack: +4 to hit, reach 5 ft., one target. Hit: 5 (1d6 + 2) piercing damage."
174,156,1,"Heavy Club. Melee Weapon Attack: +4 to hit, reach 5 ft., one target. Hit: 5 (1d6 + 2) bludgeoning damage."
175,156,1,"Javelin. Melee or Ranged Weapon Attack: +4 to hit, reach 5 ft. or range 30/120 ft., one target. Hit: 5 (1d6 + 2) piercing damage."
176,156,1,"Spiked Shield. Melee Weapon Attack: +4 to hit, reach 5 ft., one target. Hit: 5 (1d6 + 2) piercing damage."
177,157,1,"Claws. Melee Weapon Attack: +3 to hit, reach 5 ft., one creature. Hit: 3 (1d4 + 1) slashing damage plus 2 (1d4) fire damage."
178,157,4,"Fire Breath (Recharge 6). The mephit exhales a 15-foot cone of fire. Each creature in that area must make a DC 11 Dexterity saving throw, taking 7 (2d6) fire damage on a failed save, or half as much damage on a successful one."
179,158,1,"Touch. Melee Weapon Attack: +4 to hit, reach 5 ft., one target. Hit: 7 (2d6) fire damage. If the target is a creature or a flammable object, it ignites. Until a creature takes an action to douse the fire, the target takes 3 (1d6) fire damage at the end of each of its turns."
180,175,1,"Greataxe. Melee Weapon Attack: +5 to hit, reach 5 ft., one target. Hit: 9 (1d12 + 3) slashing damage."
181,175,1,"Javelin. Melee or Ranged Weapon Attack: +5 to hit, reach 5 ft. or range 30/120 ft., one target. Hit: 6 (1d6 + 3) piercing damage."
182,194,1,"Bite. Melee Weapon Attack: +3 to hit, reach 5 ft., one target. Hit: 5 (1d8 + 1) piercing damage."
183,194,1,"Antennae. The rust monster corrodes a nonmagical ferrous metal object it can see within 5 feet of it. If the object isn't being worn or carried, the touch destroys a 1-foot cube of it. If the object is being worn or carried by a creature, the creature can make a DC 11 Dexterity saving throw to avoid the rust monster's touch. If the object touched is either metal armor or a metal shield being worn or carried, it takes a permanent and cumulative −1 penalty to the AC it offers. Armor reduced to an AC of 10 or a shield that drops to a +0 bonus is destroyed. If the object touched is a held metal weapon, it rusts as described in the Rust Metal trait."
184,196,2,Multiattack. The sahuagin makes two melee attacks: one with its bite and one with its claws or spear.
185,196,1,"Bite. Melee Weapon Attack: +3 to hit, reach 5 ft., one target. Hit: (1d4 + 1) piercing damage."
186,196,1,"Claws. Melee Weapon Attack: +3 to hit, reach 5 ft., one target. Hit: (1d4 + 1) slashing damage."
187,196,1,"Spear. Melee Weapon Attack: +3 to hit, reach 5 ft., one target. Hit: (1d8 + 1) piercing damage. two handed"
188,196,1,"Spear. Melee Weapon Attack: +3 to hit, reach 5 ft., one target. Hit: (1d6 + 1) piercing damage."
189,196,1,"Spear. Ranged Weapon Attack: +3 to hit, reach 20/60 ft., one target. Hit: (1d6 + 1) piercing damage."
190,198,1,"Ram. Melee Weapon Attack: +3 to hit, reach 5 ft., one target. Hit: 6 (2d4 + 1) bludgeoning damage."
191,198,1,"Shortsword. Melee Weapon Attack: +5 to hit, reach 5 ft., one target. Hit: 6 (1d6 + 3) piercing damage."
192,198,1,"Shortbow. Ranged Weapon Attack: +5 to hit, range 80/320 ft., one target. Hit: 6 (1d6 + 3) piercing damage."
193,199,1,"Strength Drain. Melee Weapon Attack: +4 to hit, reach 5 ft., one creature. Hit: (2d6 + 2) necrotic damage. The target's strength score is reduced by 1d4 The target dies if this reduces its Strength to 0. Otherwise, the reduction lasts until the target finishes a short or long rest. If a non-evil humanoid dies from this attack, a new shadow rises from the corpse 1d4 hours later"
194,217,1,"Bites (swarm has more than half HP). Melee Weapon Attack: +3 to hit, reach 0 ft., one target in the swarm's space. Hit: (4d4) piercing damage."
195,217,1,"Bites (swarm has half HP or less). Melee Weapon Attack: +3 to hit, reach 0 ft., one target in the swarm's space. Hit: (2d4) piercing damage."
196,241,1,"Bite. Melee Weapon Attack: +5 to hit, reach 5 ft., one target. Hit: (2d6 + 3) piercing damage. If the target is a creature, it must succeed on a DC 13 Strength saving throw or be knocked prone"
197,28,1,"Beak. Melee Weapon Attack: +4 to hit, reach 5 ft., one target. Hit: (1d8 + 2) slashing damage."
198,49,1,"Bite. Melee Weapon Attack: +3 to hit, reach 5 ft., one target. Hit: 4 (1d6 + 1) piercing damage."
199,49,4,"Teleport (Recharge 4–6). The dog magically teleports, along with any equipment it is wearing or carrying, up to 40 feet to an unoccupied space it can see. Before or after teleporting, the dog can make one bite attack."
200,52,1,"Tusk. Melee Weapon Attack: +3 to hit, reach 5 ft., one target. Hit: (1d6 + 1) slashing damage."
201,67,1,"Bite. Melee Weapon Attack: +4 to hit, reach 5 ft., one creature. Hit: (1d6 + 2) piercing damage."
202,67,1,"Constrict. Melee Weapon Attack: +4 to hit, reach 5 ft., one creature. Hit: (1d8 + 2) bludgeoning damage. The target is grappled (escape dc 14) Until this grapple ends, the creature is restrained, and the snake can't constrict another target"
203,79,2,Multiattack. The dretch makes two attacks: one with its bite and one with its claws.
204,79,1,"Bite. Melee Weapon Attack: +2 to hit, reach 5 ft., one target. Hit: (1d6) piercing damage."
205,79,1,"Claws. Melee Weapon Attack: +2 to hit, reach 5 ft., one target. Hit: (2d4) slashing damage."
206,79,4,"Fetid Cloud (1/Day). A 10-foot radius of disgusting green gas extends out from the dretch. The gas spreads around corners, and its area is lightly obscured. It lasts for 1 minute or until a strong wind disperses it. Any creature that starts its turn in that area must succeed on a DC 11 Constitution saving throw or be poisoned until the start of its next turn. While poisoned in this way, the target can take either an action or a bonus action on its turn, not both, and can't take reactions."
207,81,1,"Shortsword. Melee Weapon Attack: +4 to hit, reach 5 ft., one target. Hit: 5 (1d6 + 2) piercing damage."
208,81,1,"Hand Crossbow. Ranged Weapon Attack: +4 to hit, range 30/120 ft., one target. Hit: 5 (1d6 + 2) piercing damage, and the target must succeed on a DC 13 Constitution saving throw or be poisoned for 1 hour. If the saving throw fails by 5 or more, the target is also unconscious while poisoned in this way. The target wakes up if it takes damage or if another creature takes an action to shake it awake."
209,81,4,"Magical darkness spreads from a point within 50 feet to fill a 15-foot-radius sphere for 10 minutes. The darkness spreads around corners. A creature with darkvision can't see through this darkness, and nonmagical light can't illuminate it."
210,87,1,"Ram. Melee Weapon Attack: +5 to hit, reach 5 ft., one target. Hit: 6 (1d6 + 3) bludgeoning damage."
211,87,1,"Hooves. Melee Weapon Attack: +5 to hit, reach 5 ft., one prone creature. Hit: 8 (2d4 + 3) bludgeoning damage."
212,96,1,"Longsword. Melee Weapon Attack: +3 to hit, reach 5 ft., one target. Hit: (1d8 + 1) slashing damage."
213,104,2,Multiattack. The badger makes two attacks: one with its bite and one with its claws.
214,104,1,"Bite. Melee Weapon Attack: +3 to hit, reach 5 ft., one target. Hit: (1d6 + 1) piercing damage."
215,104,1,"Claws. Melee Weapon Attack: +3 to hit, reach 5 ft., one target. Hit: (2d4 + 1) slashing damage."
216,105,1,"Bite. Melee Weapon Attack: +4 to hit, reach 5 ft., one creature. Hit: (1d6 + 2) piercing damage."
217,107,1,"Bite. Melee Weapon Attack: +4 to hit, reach 5 ft., one creature. Hit: 4 (1d4 + 2) piercing damage, and the target must succeed on a DC 11 Constitution saving throw or take 10 (3d6) poison damage. If the poison damage reduces the target to 0 hit points, the target is stable but poisoned for 1 hour, even after regaining hit points, and is paralyzed while poisoned in this way."
218,114,1,"Bite. Melee Weapon Attack: +4 to hit, reach 5 ft., one target. Hit: (1d8 + 2) piercing damage."
219,115,1,"Bite. Melee Weapon Attack: +6 to hit, reach 10 ft., one target. Hit: 6 (1d4 + 4) piercing damage, and the target must make a DC 11 Constitution saving throw, taking 10 (3d6) poison damage on a failed save, or half as much damage on a successful one."
220,121,1,"Bite. Melee Weapon Attack: +3 to hit, reach 5 ft., one creature. Hit: (1d6 + 1) piercing damage plus (2d6)poison damage. The target must make a DC 11 Constitution saving throw, taking the poison damage on a failed save, or half as much damage on a successful one. If the poison damage reduces the target to 0 hit points, the target is stable but poisoned for 1 hour, even after regaining hit points, and is paralyzed while poisoned in this way."
221,125,1,"Scimitar. Melee Weapon Attack: +4 to hit, reach 5 ft., one target. Hit: 5 (1d6 + 2) slashing damage."
222,125,1,"Shortbow. Ranged Weapon Attack: +4 to hit, range 80/320 ft., one target. Hit: 5 (1d6 + 2) piercing damage."
223,133,1,"Spiked Bone Club. Melee Weapon Attack: +5 to hit, reach 5 ft., one target. Hit: (1d4 + 3) bludgeoning damage plus (1d4)piercing damage."
224,178,1,"Bite. Melee Weapon Attack: +4 to hit, reach 5 ft., one target. Hit: 5 (1d6 + 2) piercing damage."
225,178,1,"Claw. Melee Weapon Attack: +4 to hit, reach 5 ft., one target. Hit: 4 (1d4 + 2) slashing damage."
226,185,1,"Bite. Melee Weapon Attack: +4 to hit, reach 5 ft., one target. Hit: 4 (1d4 + 2) piercing damage."
227,185,1,"Sting. Melee Weapon Attack: +4 to hit, reach 5 ft., one creature. Hit: 4 (1d4 + 2) piercing damage, and the target must succeed on a DC 11 Constitution saving throw or become poisoned for 1 hour. If the saving throw fails by 5 or more, the target falls unconscious for the same duration, or until it takes damage or another creature uses an action to shake it awake."
228,204,1,"Shortsword. Melee Weapon Attack: +4 to hit, reach 5 ft., one target. Hit: (1d6 + 2) piercing damage."
229,204,1,"Shortbow. Ranged Weapon Attack: +4 to hit, reach 80/320 ft., one target. Hit: (1d6 + 2) piercing damage."
230,209,1,"Longsword. Melee Weapon Attack: +2 to hit, reach 5 ft., one target. Hit: (1d1) slashing damage."
231,209,1,"Shortbow. Ranged Weapon Attack: +6 to hit, reach 40/160 ft., one target. Hit: (1d1) piercing damage. The target must succeed on a dc 10 constitution saving throw or become poisoned for 1 minute If its saving throw result is 5 or lower, the poisoned target falls unconscious for the same duration, or until it takes damage or another creature takes an action to shake it awake"
232,209,6,"Invisibility. The sprite magically turns invisible until it attacks or casts a spell, or until its concentration ends (as if concentrating on a spell). Any equipment the sprite wears or carries is invisible with it."
233,210,1,"Claws. Melee Weapon Attack: +2 to hit, reach 5 ft., one creature. Hit: (1d4) slashing damage plus (1d4)fire damage."
234,210,4,"Steam Breath (Recharge 6). The mephit exhales a 15-foot cone of scalding steam. Each creature in that area must succeed on a DC 10 Dexterity saving throw, taking 4 (1d8) fire damage on a failed save, or half as much damage on a successful one."
235,216,1,"Bites (swarm has more than half HP). Melee Weapon Attack: +4 to hit, reach 0 ft., one creature in the swarm's space. Hit: (2d4) piercing damage."
236,216,1,"Bites (swarm has half HP or less). Melee Weapon Attack: +4 to hit, reach 0 ft., one creature in the swarm's space. Hit: (1d4) piercing damage."
237,219,1,"Bites (swarm has more than half HP). Melee Weapon Attack: +2 to hit, reach 0 ft., one creature in the swarm's space. Hit: (2d6) piercing damage."
238,219,1,"Bites (swarm has half HP or less). Melee Weapon Attack: +2 to hit, reach 0 ft., one creature in the swarm's space. Hit: (1d6) piercing damage."
239,220,1,"Beaks (swarm has more than half HP). Melee Weapon Attack: +4 to hit, reach 5 ft., one creature in the swarm's space. Hit: (2d6) piercing damage."
240,220,1,"Beaks (swarm has half HP or less). Melee Weapon Attack: +4 to hit, reach 5 ft., one creature in the swarm's space. Hit: (1d6) piercing damage."
241,240,1,"Bite. Melee Weapon Attack: +4 to hit, reach 5 ft., one target. Hit: (2d4 + 2) piercing damage. If the target is a creature, it must succeed on a DC 11 Strength saving throw or be knocked prone"
242,256,1,"Bite. Melee Weapon Attack: +4 to hit, reach 5 ft., one target. Hit: (2d4 + 2) piercing damage. If the target is a creature, it must succeed on a DC 11 Strength saving throw or be knocked prone"
243,50,1,"Beak. Melee Weapon Attack: +4 to hit, reach 5 ft., one target. Hit: (1d4 + 2) piercing damage."
244,95,1,"Bite. Melee Weapon Attack: +6 to hit, reach 5 ft., one target. Hit: (1d1) piercing damage plus (3d4)poison damage."
245,109,1,"Claw. Melee Weapon Attack: +3 to hit, reach 5 ft., one target. Hit: 4 (1d6 + 1) bludgeoning damage, and the target is grappled (escape DC 11). The crab has two claws, each of which can grapple only one target."
246,116,1,"Bite. Melee Weapon Attack: +4 to hit, reach 5 ft., one target. Hit: (1d4 + 2) piercing damage."
247,120,1,"Bite. Melee Weapon Attack: +5 to hit, reach 5 ft., one target. Hit: (1d4 + 3) piercing damage."
248,151,1,"Dagger. Melee Weapon Attack: +4 to hit, reach 5 ft., one target. Hit: (1d4 + 2) piercing damage."
249,151,1,"Sling. Ranged Weapon Attack: +4 to hit, reach 30/120 ft., one target. Hit: (1d4 + 2) bludgeoning damage.
"
250,183,1,"Bite. Melee Weapon Attack: +5 to hit, reach 5 ft., one target. Hit: (1d1) piercing damage plus (2d4)poison damage. The target must make a DC 10 Constitution saving throw, taking the poison damage on a failed save, or half as much damage on a successful one."
251,211,1,"Blood Drain. Melee Weapon Attack: +5 to hit, reach 5 ft., one creature. Hit: (1d4 + 3) piercing damage. The stirge attaches to the target While attached, the stirge doesn't attack. Instead, at the start of each of the stirge's turns, the target loses 5 (1d4 + 3) hit points due to blood loss. The stirge can detach itself by spending 5 feet of its movement. It does so after it drains 10 hit points of blood from the target or the target dies. A creature, including the target, can use its action to detach the stirge"
252,224,1,"Claws. Melee Weapon Attack: +3 to hit, reach 5 ft., one target. Hit: 3 (1d4 + 1) piercing damage."
253,236,1,"Bite. Melee Weapon Attack: +3 to hit, reach 5 ft., one target. Hit: 4 (1d6 + 1) piercing damage."
254,257,1,"Battleaxe. Melee Weapon Attack: +5 to hit, reach 5 ft., one target. Hit: 6 (1d8 + 2) slashing damage, or 7 (1d10 + 2) slashing damage if used with two hands."
