CreatureID,CreatureTrait
241,Keen Hearing and Smell. The worg has advantage on Wisdom (Perception) checks that rely on hearing or smell.
175,"Aggressive. As a bonus action, the orc can move up to its speed toward a hostile creature that it can see."
11,Air Form. The elemental can enter a hostile creature's space and stop there. It can move through a space as narrow as 1 inch wide without squeezing.
109,Amphibious. The crab can breathe air and water.
47,Amphibious. The dragon can breathe air and water.
55,Amphibious. The dragon can breathe air and water.
129,Amphibious. The dragon can breathe air and water.
246,Amphibious. The dragon can breathe air and water.
249,Amphibious. The dragon can breathe air and water.
251,Amphibious. The dragon can breathe air and water.
252,Amphibious. The dragon can breathe air and water.
59,"Charge. If the centaur moves at least 30 feet straight toward a target and then hits it with a pike attack on the same turn, the target takes an extra 10 (3d6) piercing damage."
87,"Charge. If the elk moves at least 20 feet straight toward a target and then hits it with a ram attack on the same turn, the target takes an extra 7 (2d6) damage. If the target is a creature, it must succeed on a DC 13 Strength saving throw or be knocked prone."
164,"Charge. If the skeleton moves at least 10 feet straight toward a target and then hits it with a gore attack on the same turn, the target takes an extra 9 (2d8) piercing damage. If the target is a creature, it must succeed on a DC 14 Strength saving throw or be pushed up to 10 feet away and knocked prone."
224,"False Appearance. While the blight remains motionless, it is indistinguishable from a dead shrub."
98,"False Appearance. While the gargoyle remains motionless, it is indistinguishable from an inanimate statue."
202,"False Appearance. While the shrieker remains motionless, it is indistinguishable from an ordinary fungus."
26,"False Appearance. While the shrub remains motionless, it is indistinguishable from a normal shrub."
27,"False Appearance. While the tree remains motionless, it is indistinguishable from a normal tree."
95,Flyby. The snake doesn't provoke opportunity attacks when it flies out of an enemy's reach.
190,Heated Body. A creature that touches the remorhaz or hits it with a melee attack while within 5 feet of it takes 10 (3d6) fire damage.
70,Hold Breath. The crocodile can hold its breath for 15 minutes.
110,Hold Breath. The crocodile can hold its breath for 30 minutes.
156,Hold Breath. The lizardfolk can hold its breath for 15 minutes.
255,"Ice Walk. The dragon can move across and climb icy surfaces without needing to make an ability check. Additionally, difficult terrain composed of ice or snow doesn't cost it extra movement."
112,Illumination. The beetle sheds bright light in a 10-foot radius and dim light for an additional 10 feet.
49,Keen Hearing and Smell. The dog has advantage on Wisdom (Perception) checks that rely on hearing or smell.
236,Keen Hearing and Smell. The mastiff has advantage on Wisdom (Perception) checks that rely on hearing or smell.
120,Keen Hearing and Smell. The weasel has advantage on Wisdom (Perception) checks that rely on hearing or smell.
177,Keen Sight and Smell. The owlbear has advantage on Wisdom (Perception) checks that rely on sight or smell.
111,Keen Sight. The eagle has advantage on Wisdom (Perception) checks that rely on sight.
132,Keen Sight. The griffon has advantage on Wisdom (Perception) checks that rely on sight.
140,Keen Sight. The hippogriff has advantage on Wisdom (Perception) checks that rely on sight.
170,Keen Sight. The nothic has advantage on Wisdom (Perception) checks that rely on sight.
192,Keen Sight. The roc has advantage on Wisdom (Perception) checks that rely on sight.
31,Keen Smell. The badger has advantage on Wisdom (Perception) checks that rely on smell.
104,Keen Smell. The badger has advantage on Wisdom (Perception) checks that rely on smell.
46,Keen Smell. The bear has advantage on Wisdom (Perception) checks that rely on smell.
56,Keen Smell. The bear has advantage on Wisdom (Perception) checks that rely on smell.
184,Keen Smell. The bear has advantage on Wisdom (Perception) checks that rely on smell.
5,"Legendary Resistance (3/Day) If the dragon fails a saving throw, it can choose to succeed instead."
2,"Legendary Resistance (3/Day). If the dragon fails a saving throw, it can choose to succeed instead."
3,"Legendary Resistance (3/Day). If the dragon fails a saving throw, it can choose to succeed instead."
8,"Legendary Resistance (3/Day). If the dragon fails a saving throw, it can choose to succeed instead."
9,"Legendary Resistance (3/Day). If the dragon fails a saving throw, it can choose to succeed instead."
13,"Legendary Resistance (3/Day). If the dragon fails a saving throw, it can choose to succeed instead."
14,"Legendary Resistance (3/Day). If the dragon fails a saving throw, it can choose to succeed instead."
16,"Legendary Resistance (3/Day). If the dragon fails a saving throw, it can choose to succeed instead."
19,"Legendary Resistance (3/Day). If the dragon fails a saving throw, it can choose to succeed instead."
20,"Legendary Resistance (3/Day). If the dragon fails a saving throw, it can choose to succeed instead."
200,"Lightning Absorption. Whenever the shambling mound is subjected to lightning damage, it takes no damage and regains a number of hit points equal to the lightning damage dealt."
176,Limited Telepathy. The otyugh can magically transmit simple messages and images to any creature within 120 feet of it that can understand a language. This form of telepathy doesn't allow the receiving creature to telepathically respond.
167,Magic Resistance. The nalfeshnee has advantage on saving throws against spells and other magical effects.
198,Magic Resistance. The satyr has advantage on saving throws against spells and other magical effects.
141,"Martial Advantage. Once per turn, the hobgoblin can deal an extra 7 (2d6) damage to a creature it hits with a weapon attack if that creature is within 5 feet of an ally of the hobgoblin that isn't incapacitated."
125,Nimble Escape. The goblin can take the Disengage or Hide action as a bonus action on each of its turns.
30,Pack Tactics. The baboon has advantage on an attack roll against a creature if at least one of the baboon's allies is within 5 feet of the creature and the ally isn't incapacitated.
145,Pack Tactics. The hyena has advantage on an attack roll against a creature if at least one of the hyena's allies is within 5 feet of the creature and the ally isn't incapacitated.
71,Poor Depth Perception. The cyclops has disadvantage on any attack roll against a target more than 30 feet away.
124,"Rampage. When the gnoll reduces a creature to 0 hit points with a melee attack on its turn, the gnoll can take a bonus action to move up to half its speed and make a bite attack."
113,"Rampage. When the hyena reduces a creature to 0 hit points with a melee attack on its turn, the hyena can take a bonus action to move up to half its speed and make a bite attack."
58,"Standing Leap. The bulette's long jump is up to 30 feet and its high jump is up to 15 feet, with or without a running start."
212,Stone Camouflage. The giant has advantage on Dexterity (Stealth) checks made to hide in rocky terrain.
131,Stone Camouflage. The grick has advantage on Dexterity (Stealth) checks made to hide in rocky terrain.
235,"Sunlight Sensitivity. While in sunlight, the wight has disadvantage on attack rolls, as well as on Wisdom (Perception) checks that rely on sight."
217,"Swarm. The swarm can occupy another creature's space and vice versa, and the swarm can move through any opening large enough for a Tiny insect. The swarm can't regain hit points or gain temporary hit points."
220,"Swarm. The swarm can occupy another creature's space and vice versa, and the swarm can move through any opening large enough for a Tiny raven. The swarm can't regain hit points or gain temporary hit points."
218,"Swarm. The swarm can occupy another creature's space and vice versa, and the swarm can move through any opening large enough for a Tiny snake. The swarm can't regain hit points or gain temporary hit points."
159,Tail Spike Regrowth. The manticore has twenty-four tail spikes. Used spikes regrow when the manticore finishes a long rest.
142,"Telepathic Bond. While the homunculus is on the same plane of existence as its master, it can magically convey what it senses to its master, and the two can communicate telepathically."
127,"Trampling Charge. If the gorgon moves at least 20 feet straight toward a creature and then hits it with a gore attack on the same turn, that target must succeed on a DC 16 Strength saving throw or be knocked prone. If the target is prone, the gorgon can make one attack with its hooves against it as a bonus action."
186,Tunneler. The worm can burrow through solid rock at half its burrow speed and leaves a 10-foot-diameter tunnel in its wake.
73,"Two-Headed. The dog has advantage on Wisdom (Perception) checks and on saving throws against being blinded, charmed, deafened, frightened, stunned, or knocked unconscious."
173,"Undead Fortitude. If damage reduces the zombie to 0 hit points, it must make a Constitution saving throw with a DC of 5 + the damage taken, unless the damage is radiant or from a critical hit. On a success, the zombie drops to 1 hit point instead."
256,"Undead Fortitude. If damage reduces the zombie to 0 hit points, it must make a Constitution saving throw with a DC of 5 + the damage taken, unless the damage is radiant or from a critical hit. On a success, the zombie drops to 1 hit point instead."
157,"Death Burst. When the mephit dies, it explodes in a burst of lava. Each creature within 5 feet of it must make a DC 11 Dexterity saving throw, taking 7 (2d6) fire damage on a failed save, or half as much damage on a successful one."
205,"Angelic Weapons. The solar's weapon attacks are magical. When the solar hits with any weapon, the weapon deals an extra 6d8 radiant damage (included in the attack)."
213,Immutable Form. The golem is immune to any spell or effect that would alter its form.
180,"Ethereal Jaunt. As a bonus action, the spider can magically shift from the Material Plane to the Ethereal Plane, or vice versa."
231,"Shapechanger. The wererat can use its action to polymorph into a rat-humanoid hybrid or into a giant rat, or back into its true form, which is humanoid. Its statistics, other than its size, are the same in each form. Any equipment it is wearing or carrying isn't transformed. It reverts to its true form if it dies."
89,"Spider Climb. The ettercap can climb difficult surfaces, including upside down on ceilings, without needing to make an ability check."
121,"Spider Climb. The spider can climb difficult surfaces, including upside down on ceilings, without needing to make an ability check."
181,Fear Aura: Incapacitated or Frightened
244,"Earth Glide. The xorn can burrow through nonmagical, unworked earth and stone. While doing so, the xorn doesn't disturb the material it moves through."
42,"A creature that isn't surprised can avert its eyes to avoid the saving throw at the start of its turn. If it does so, it can't see the basilisk until the start of its next turn, when it can avert its eyes again.If it looks at the basilisk in the meantime, it must immediately make the save. If the basilisk sees its reflection within 30 feet of it in bright light, it mistakes itself for a rival and targets itself with its gaze."
162,"Adhesive (Object Form Only). The mimic adheres to anything that touches it. A Huge or smaller creature adhered to the mimic is also grappled by it (escape DC 13). Ability checks made to escape this grapple have disadvantage. False Appearance (Object Form Only). While the mimic remains motionless, it is indistinguishable from an ordinary object. Grappler. The mimic has advantage on attack rolls against any creature grappled by it."
123,"At will: darkness, detect magic, dispel magic 1/day each: confusion, fly, power word stun Magic Resistance. The glabrezu has advantage on saving throws against spells and other magical effects."
174,"At will: darkness, invisibility1/day each: charm person, cone of cold, gaseous form, sleepMagic Weapons. The oni's weapon attacks are magical. Regeneration. The oni regains 10 hit points at the start of its turn if it has at least 1 hit point."
69,"At will: detect evil and good, detect magic, detect thoughts 3/day each: bless, create food and water, cure wounds, lesser restoration, protection from poison, sanctuary, shield 1/day each: dream, greater restoration, scrying Magic Weapons. The couatl's weapon attacks are magical. Shielded Mind. The couatl is immune to scrying and to any effect that would sense its emotions, read its thoughts, or detect its location."
168,"At will: detect magic, magic missile 2/day each: plane shift (self only), ray of enfeeblement, sleep Magic Resistance. The hag has advantage on saving throws against spells and other magical effects."
152,"At will: disguise self (any humanoid form), major image 3/day each: charm person, mirror image, scrying, suggestion 1/day: geas"
82,"At will: druidcraft 3/day each: entangle, goodberry 1/day each: barkskin, pass without trace, shillelagh Magic Resistance. The dryad has advantage on saving throws against spells and other magical effects. Speak with Beasts and Plants. The dryad can communicate with beasts and plants as if they shared a language. Tree Stride. Once on her turn, the dryad can use 10 feet of her movement to step magically into one living tree within her reach and emerge from a second living tree within 60 feet of the first tree, appearing in an unoccupied space within 5 feet of the second tree. Both trees must be Large or bigger."
63,"Berserk. Whenever the golem starts its turn with 60 hit points or fewer, roll a d6. On a 6, the golem goes berserk. On each of its turns while berserk, the golem attacks the nearest creature it can see. If no creature is near enough to move to and attack, the golem attacks an object, with preference for an object smaller than itself. Once the golem goes berserk, it continues to do so until it is destroyed or regains all its hit points. Immutable Form. The golem is immune to any spell or effect that would alter its form. Magic Resistance. The golem has advantage on saving throws against spells and other magical effects. Magic Weapons. The golem's weapon attacks are magical."
230,"Charge (Boar or Hybrid Form Only). If the wereboar moves at least 15 feet straight toward a target and then hits it with its tusks on the same turn, the target takes an extra 7 (2d6) slashing damage. If the target is a creature, it must succeed on a DC 13 Strength saving throw or be knocked prone. Relentless (Recharges after a Short or Long Rest). If the wereboar takes 14 damage or less that would reduce it to 0 hit points, it is reduced to 1 hit point instead."
128,"Corrode Metal. Any nonmagical weapon made of metal that hits the ooze corrodes. After dealing damage, the weapon takes a permanent and cumulative −1 penalty to damage rolls. If its penalty drops to −5, the weapon is destroyed. Nonmagical ammunition made of metal that hits the ooze is destroyed after dealing damage.The ooze can eat through 2-inch-thick, nonmagical metal in 1 round. False Appearance. While the ooze remains motionless, it is indistinguishable from an oily pool or wet rock."
48,"Corrosive Form. A creature that touches the pudding or hits it with a melee attack while within 5 feet of it takes 4 (1d8) acid damage. Any nonmagical weapon made of metal or wood that hits the pudding corrodes. After dealing damage, the weapon takes a permanent and cumulative −1 penalty to damage rolls. If its penalty drops to −5, the weapon is destroyed.Nonmagical ammunition made of metal or wood that hits the pudding is destroyed after dealing damage.The pudding can eat through 2-inch-thick, nonmagical wood or metal in 1 round. Spider Climb. The pudding can climb difficult surfaces, including upside down on ceilings, without needing to make an ability check."
99,"Creatures inside the cube can be seen but have total cover.A creature within 5 feet of the cube can take an action to pull a creature or object out of the cube. Doing so requires a successful DC 12 Strength check, and the creature making the attempt takes 10 (3d6) acid damage.The cube can hold only one Large creature or up to four Medium or smaller creatures inside it at a time. Transparent. Even when the cube is in plain sight, it takes a successful DC 15 Wisdom (Perception) check to spot a cube that has neither moved nor attacked. A creature that tries to enter the cube's space while unaware of the cube is surprised by the cube."
41,Devil's Sight. Magical darkness doesn't impede the devil's darkvision. Magic Resistance. The devil has advantage on saving throws against spells and other magical effects.
148,Devil's Sight. Magical darkness doesn't impede the imp's darkvision. Magic Resistance. The imp has advantage on saving throws against spells and other magical effects.
182,"Divine Awareness. The planetar knows if it hears a lie. Innate Spellcasting. The planetar's spellcasting ability is Charisma (spell save DC 20). The planetar can innately cast the following spells, requiring no material components: At will: detect evil and good, invisibility (self only) 3/day each: blade barrier, dispel evil and good, flame strike, raise dead 1/day each: commune, control weather, insect plague Magic Resistance. The planetar has advantage on saving throws against spells and other magical effects."
205,"Divine Awareness. The solar knows if it hears a lie. Innate Spellcasting. The solar's spellcasting ability is Charisma (spell save DC 25). It can innately cast the following spells, requiring no material components: At will: detect evil and good, invisibility (self only) 3/day each: blade barrier, dispel evil and good, resurrection 1/day each: commune, control weather Magic Resistance. The solar has advantage on saving throws against spells and other magical effects."
238,Ephemeral. The will-o'-wisp can't wear or carry anything. Incorporeal Movement. The will-o'-wisp can move through other creatures and objects as if they were difficult terrain. It takes 5 (1d10) force damage if it ends its turn inside an object. Variable Illumination. The will-o'-wisp sheds bright light in a 5- to 20-foot radius and dim light for an additional number of feet equal to the chosen radius. The will-o'-wisp can alter the radius as a bonus action.
23,"False Appearance. While the armor remains motionless, it is indistinguishable from a normal suit of armor."
64,"False Appearance. While the cloaker remains motionless without its underside exposed, it is indistinguishable from a dark leather cloak. Light Sensitivity. While in bright light, the cloaker has disadvantage on attack rolls and Wisdom (Perception) checks that rely on sight."
72,"False Appearance. While the darkmantle remains motionless, it is indistinguishable from a cave formation such as a stalactite or stalagmite."
157,"False Appearance. While the mephit remains motionless, it is indistinguishable from an ordinary mound of magma. Innate Spellcasting.(1/Day). The mephit can innately cast heat metal (spell save DC 10), requiring no material components. Its innate spellcasting ability is Charisma."
147,"False Appearance. While the mephit remains motionless, it is indistinguishable from an ordinary shard of ice. Innate Spellcasting.(1/Day). The mephit can innately cast fog cloud, requiring no material components. Its innate spellcasting ability is Charisma."
96,"False Appearance. While the sword remains motionless and isn't flying, it is indistinguishable from a normal sword."
32,"Fire Aura. At the start of each of the balor's turns, each creature within 5 feet of it takes 10 (3d6) fire damage, and flammable objects in the aura that aren't being worn or carried ignite. A creature that touches the balor or hits it with a melee attack while within 5 feet of it takes 10 (3d6) fire damage. Magic Resistance. The balor has advantage on saving throws against spells and other magical effects. Magic Weapons. The balor's weapon attacks are magical."
228,"Freeze. If the elemental takes cold damage, it partially freezes; its speed is reduced by 20 feet until the end of its next turn."
122,"Gibbering. The mouther babbles incoherently while it can see any creature and isn't incapacitated. Each creature that starts its turn within 20 feet of the mouther and can hear the gibbering must succeed on a DC 10 Wisdom saving throw. On a failure, the creature can't take reactions until the start of its next turn and rolls a d8 to determine what it does during its turn. On a 1 to 4, the creature does nothing. On a 5 or 6, the creature takes no action or bonus action and uses all its movement to move in a randomly determined direction. On a 7 or 8, the creature makes a melee attack against a randomly determined creature within its reach or does nothing if it can't make such an attack."
74,"Gnome Cunning. The gnome has advantage on Intelligence, Wisdom, and Charisma saving throws against magic.Innate Spellcasting. The gnome’s innate spellcasting ability is Intelligence (spell save DC 11). It can innately cast the following spells, requiring no material components:At will: nondetection (self only)1/day each: blindness/deafness, blur, disguise self"
193,"Grasping Tendrils. The roper can have up to six tendrils at a time. Each tendril can be attacked (AC 20; 10 hit points; immunity to poison and psychic damage). Destroying a tendril deals no damage to the roper, which can extrude a replacement tendril on its next turn. A tendril can also be broken if a creature takes an action and succeeds on a DC 15 Strength check against it. Spider Climb. The roper can climb difficult surfaces, including upside down on ceilings, without needing to make an ability check."
197,Heated Weapons. Any metal melee weapon the salamander wields deals an extra 3 (1d6) fire damage on a hit (included in the attack).
29,"Heated Weapons. When the azer hits with a metal melee weapon, it deals an extra 3 (1d6) fire damage (included in the attack). Illumination. The azer sheds bright light in a 10-­foot radius and dim light for an additional 10 feet."
153,Hellish Rejuvenation. A lemure that dies in the Nine Hells comes back to life with all its hit points in 1d10 days unless it is killed by a good-aligned creature with a bless spell cast on that creature or its remains are sprinkled with holy water.
158,"Ignited Illumination. As a bonus action, the magmin can set itself ablaze or extinguish its flames. While ablaze, the magmin sheds bright light in a 10-foot radius and dim light for an additional 10 feet."
91,"Illumination. The elemental sheds bright light in a 30-foot radius and dim light in an additional 30 feet. Water Susceptibility. For every 5 feet the elemental moves in water, or for every gallon of water splashed on it, it takes 1 cold damage."
169,Illumination. The nightmare sheds bright light in a 10-foot radius and dim light for an additional 10 feet.
149,Immutable Form. The golem is immune to any spell or effect that would alter its form. Magic Resistance. The golem has advantage on saving throws against spells and other magical effects. Magic Weapons. The golem's weapon attacks are magical.
40,Incorporeal Movement. The banshee can move through other creatures and objects as if they were difficult terrain. She takes 5 (1d10) force damage if she ends her turn inside an object.
101,Incorporeal Movement. The ghost can move through other creatures and objects as if they were difficult terrain. It takes 5 (1d10) force damage if it ends its turn inside an object.
76,"Innate Spellcasting. The deva's spellcasting ability is Charisma (spell save DC 17). The deva can innately cast the following spells, requiring only verbal components: At will: detect evil and good 1/day each: commune, raise dead Magic Resistance. The deva has advantage on saving throws against spells and other magical effects."
78,"Innate Spellcasting. The djinni's innate spellcasting ability is Charisma (spell save DC 17, +9 to hit with spell attacks). It can innately cast the following spells, requiring no material components: At will: detect evil and good, detect magic, thunderwave 3/day each: create food and water (can create wine instead of water) , tongues, wind walk 1/day each: conjure elemental (air elemental only), creation, gaseous form, invisibility, major image, plane shift"
80,"Innate Spellcasting. The drider's innate spellcasting ability is Wisdom (spell save DC 13). The drider can innately cast the following spells, requiring no material components: At will: dancing lights 1/day each: darkness, faerie fire Spider Climb. The drider can climb difficult surfaces, including upside down on ceilings, without needing to make an ability check.Sunlight Sensitivity. While in sunlight, the drider has disadvantage on attack rolls, as well as on Wisdom (Perception) checks that rely on sight. Web Walker. The drider ignores movement restrictions caused by webbing."
81,"Innate Spellcasting. The drow’s spellcasting ability is Charisma (spell save DC 11). It can innately cast the following spells, requiring no material components:At will: dancing lights1/day each: darkness, faerie fireSunlight Sensitivity. While in sunlight, the drow has disadvantage on attack rolls, as well as on Wisdom (Perception) checks that rely on sight."
86,"Innate Spellcasting. The efreeti's innate spellcasting ability is Charisma (spell save DC 15, +7 to hit with spell attacks). It can innately cast the following spells, requiring no material components: At will: detect magic 3/day: enlarge/reduce, tongues 1/day each: conjure elemental (fire elemental only), gaseous form, invisibility, major image, plane shift, wall of fire"
214,"Innate Spellcasting. The giant's innate spellcasting ability is Charisma (spell save DC 17). It can innately cast the following spells, requiring no material components: At will: detect magic, feather fall, levitate, light 3/day each: control weather, water breathing"
65,"Innate Spellcasting. The giant's innate spellcasting ability is Charisma. It can innately cast the following spells, requiring no material components: At will: detect magic, fog cloud, light 3/day each: feather fall, fly, misty step, telekinesis 1/day each: control weather, gaseous form"
130,"Innate Spellcasting. The hag's innate spellcasting ability is Charisma (spell save DC 12). She can innately cast the following spells, requiring no material components: At will: dancing lights, minor illusion, vicious mockery Mimicry. The hag can mimic animal sounds and humanoid voices. A creature that hears the sounds can tell they are imitations with a successful DC 14 Wisdom (Insight) check."
188,"Innate Spellcasting. The rakshasa's innate spellcasting ability is Charisma (spell save DC 18, +10 to hit with spell attacks). The rakshasa can innately cast the following spells, requiring no material components:At will: detect thoughts, disguise self, mage hand, minor illusion3/day each: charm person, detect magic, invisibility, major image, suggestion1/day each: dominate person, fly, plane shift, true seeing"
225,"Innate Spellcasting. The unicorn's innate spellcasting ability is Charisma (spell save DC 14). The unicorn can innately cast the following spells, requiring no components: At will: detect evil and good, druidcraft, pass without trace 1/day each: calm emotions, dispel evil and good, entangle Magic Resistance. The unicorn has advantage on saving throws against spells and other magical effects. Magic Weapons. The unicorn's weapon attacks are magical."
210,"Innate Spellcasting.(1/Day). The mephit can innately cast blur, requiring no material components. Its innate spellcasting ability is Charisma."
84,"Innate Spellcasting.(1/Day). The mephit can innately cast sleep, requiring no material components. Its innate spellcasting ability is Charisma."
133,Keen Hearing and Smell. The grimlock has advantage on Wisdom (Perception) checks that rely on hearing or smell. Stone Camouflage. The grimlock has advantage on Dexterity (Stealth) checks made to hide in rocky terrain.
232,"Keen Hearing and Smell. The weretiger has advantage on Wisdom (Perception) checks that rely on hearing or smell. Pounce (Tiger or Hybrid Form Only). If the weretiger moves at least 15 feet straight toward a creature and then hits it with a claw attack on the same turn, that target must succeed on a DC 14 Strength saving throw or be knocked prone. If the target is prone, the weretiger can make one bite attack against it as a bonus action."
233,Keen Hearing and Smell. The werewolf has advantage on Wisdom (Perception) checks that rely on hearing or smell.
43,Keen Hearing. The bat has advantage on Wisdom (Perception) checks that rely on hearing.
105,Keen Hearing. The bat has advantage on Wisdom (Perception) checks that rely on hearing.
216,"Keen Hearing. The swarm has advantage on Wisdom (Perception) checks that rely on hearing.Swarm. The swarm can occupy another creature’s space and vice versa, and the swarm can move through any opening large enough for a Tiny bat. The swarm can’t regain hit points or gain temporary hit points."
229,Keen Smell. The werebear has advantage on Wisdom (Perception) checks that rely on smell.
231,Keen Smell. The wererat has advantage on Wisdom (Perception) checks that rely on smell.
163,"Labyrinthine Recall. The minotaur can perfectly recall any path it has traveled. Reckless. At the start of its turn, the minotaur can gain advantage on all melee weapon attack rolls it makes during that turn, but attack rolls against it have advantage until the start of its next turn."
1,"Legendary Resistance (3/Day). If the dragon fails a saving throw, it can choose to succeed instead."
4,"Legendary Resistance (3/Day). If the dragon fails a saving throw, it can choose to succeed instead."
6,"Legendary Resistance (3/Day). If the dragon fails a saving throw, it can choose to succeed instead."
7,"Legendary Resistance (3/Day). If the dragon fails a saving throw, it can choose to succeed instead."
10,"Legendary Resistance (3/Day). If the dragon fails a saving throw, it can choose to succeed instead."
12,"Legendary Resistance (3/Day). If the dragon fails a saving throw, it can choose to succeed instead."
15,"Legendary Resistance (3/Day). If the dragon fails a saving throw, it can choose to succeed instead."
17,"Legendary Resistance (3/Day). If the dragon fails a saving throw, it can choose to succeed instead."
18,"Legendary Resistance (3/Day). If the dragon fails a saving throw, it can choose to succeed instead."
21,"Legendary Resistance (3/Day). If the dragon fails a saving throw, it can choose to succeed instead."
196,"Limited Amphibiousness. The sahuagin can breathe air and water, but it needs to be submerged at least once every 4 hours to avoid suffocating. Shark Telepathy. The sahuagin can magically command any shark within 120 feet of it, using a limited telepathy."
185,"Limited Telepathy. The pseudodragon can magically communicate simple ideas, emotions, and images telepathically with any creature within 100 feet of it that can understand a language."
53,Magic Resistance. The devil has advantage on saving throws against spells and other magical effects.
60,Magic Resistance. The devil has advantage on saving throws against spells and other magical effects.
143,Magic Resistance. The devil has advantage on saving throws against spells and other magical effects.
146,Magic Resistance. The devil has advantage on saving throws against spells and other magical effects.
44,Magic Resistance. The devil has advantage on saving throws against spells and other magical effects. Steadfast. The devil can't be frightened while it can see an allied creature within 30 feet of it.
88,Magic Resistance. The erinyes has advantage on saving throws against spells and other magical effects.
213,Magic Resistance. The golem has advantage on saving throws against spells and other magical effects. Magic Weapons. The golem's weapon attacks are magical.
187,Magic Resistance. The quasit has advantage on saving throws against spells and other magical effects.
160,Magic Weapons. The marilith's weapon attacks are magical. Reactive. The marilith can take one reaction on every turn in a combat.
22,"Magic Weapons. The sphinx's weapon attacks are magical. Spellcasting. The sphinx is a 12th-level spellcaster. Its spellcasting ability is Wisdom (spell save DC 18, +10 to hit with spell attacks). It requires no material components to cast its spells. The sphinx has the following cleric spells prepared: Cantrips (at will): sacred flame, spare the dying, thaumaturgy 1st level (4 slots): command, detect evil and good, detect magic 2nd level (3 slots): lesser restoration, zone of truth 3rd level (3 slots): dispel magic, tongues 4th level (3 slots): banishment, freedom of movement 5th level (2 slots): flame strike, greater restoration 6th level (1 slot): heroes' feast"
135,"Magic Weapons. The sphinx's weapon attacks are magical. Spellcasting. The sphinx is a 9th-level spellcaster. Its spellcasting ability is Intelligence (spell save DC 16, +8 to hit with spell attacks). It requires no material components to cast its spells. The sphinx has the following wizard spells prepared: Cantrips (at will): mage hand, minor illusion, prestidigitation 1st level (4 slots): detect magic, identify, shield 2nd level (3 slots): darkness, locate object, suggestion 3rd level (3 slots): dispel magic, remove curse, tongues 4th level (3 slots): banishment, greater invisibility 5th level (1 slot): legend lore"
144,"Multiple Heads. The hydra has five heads. While it has more than one head, the hydra has advantage on saving throws against being blinded, charmed, deafened, frightened, stunned, and knocked unconscious.Whenever the hydra takes 25 or more damage in a single turn, one of its heads dies. If all its heads die, the hydra dies.At the end of its turn, it grows two heads for each of its heads that died since its last turn, unless it has taken fire damage since its last turn. The hydra regains 10 hit points for each head regrown in this way. Reactive Heads. For each head the hydra has beyond one, it gets an extra reaction that can be used only for opportunity attacks. Wakeful. While the hydra sleeps, at least one of its heads is awake."
155,"Pack Tactics: The lion has advantage on an attack roll against a creature if at least one of the <span>lion</span>’s allies is within 5 feet of the creature and the ally isn’t i<span>ncapacitated. Pounce. If the lion moves at least 20 feet straight toward a creature and then hits it with a claw attack on the same turn, that target must succeed on a DC 13 Strength saving throw or be knocked prone. If the target is prone, the lion can make one bite attack against it as a bonus action. Running Leap. With a 10-foot running start, the lion can long jump up to 25 feet."
50,Pack Tactics. The hawk has advantage on an attack roll against a creature if at least one of the hawk's allies is within 5 feet of the creature and the ally isn't incapacitated.
137,Pack Tactics. The hound has advantage on an attack roll against a creature if at least one of the hound's allies is within 5 feet of the creature and the ally isn't incapacitated.
150,Pack Tactics. The jackal has advantage on an attack roll against a creature if at least one of the jackal's allies is within 5 feet of the creature and the ally isn't incapacitated.
151,Pack Tactics. The kobold has advantage on an attack roll against a creature if at least one of the kobold's allies is within 5 feet of the creature and the ally isn't incapacitated.
116,Pack Tactics. The rat has advantage on an attack roll against a creature if at least one of the rat's allies is within 5 feet of the creature and the ally isn't incapacitated.
118,Pack Tactics. The vulture has advantage on an attack roll against a creature if at least one of the vulture's allies is within 5 feet of the creature and the ally isn't incapacitated.
77,Pack Tactics. The wolf has advantage on an attack roll against a creature if at least one of the wolf's allies is within 5 feet of the creature and the ally isn't incapacitated.
239,Pack Tactics. The wolf has advantage on an attack roll against a creature if at least one of the wolf's allies is within 5 feet of the creature and the ally isn't incapacitated. Snow Camouflage. The wolf has advantage on Dexterity (Stealth) checks made to hide in snowy terrain.
240,Pack Tactics. The wolf has advantage on attack rolls against a creature if at least one of the wolf's allies is within 5 feet of the creature and the ally isn't incapacitated.
178,"Pounce. If the panther moves at least 20 feet straight toward a creature and then hits it with a claw attack on the same turn, that target must succeed on a DC 12 Strength saving throw or be knocked prone. If the target is prone, the panther can make one bite attack against it as a bonus action."
221,"Pounce. If the tiger moves at least 20 feet straight toward a creature and then hits it with a claw attack on the same turn, that target must succeed on a DC 13 Strength saving throw or be knocked prone. If the target is prone, the tiger can make one bite attack against it as a bonus action."
195,"Pounce. If the tiger moves at least 20 feet straight toward a creature and then hits it with a claw attack on the same turn, that target must succeed on a DC 14 Strength saving throw or be knocked prone. If the target is prone, the tiger can make one bite attack against it as a bonus action."
201,"Regeneration. The shield guardian regains 10 hit points at the start of its turn if it has at least 1 hit point. Spell Storing. A spellcaster who wears the shield guardian's amulet can cause the guardian to store one spell of 4th level or lower. To do so, the wearer must cast the spell on the guardian. The spell has no effect but is stored within the guardian. When commanded to do so by the wearer or when a situation arises that was predefined by the spellcaster, the guardian casts the stored spell with any parameters set by the original caster, requiring no components. When the spell is cast or a new spell is stored, any previously stored spell is lost."
223,"Regeneration. The troll regains 10 hit points at the start of its turn. If the troll takes acid or fire damage, this trait doesn't function at the start of the troll's next turn. The troll dies only if it starts its turn with 0 hit points and doesn't regenerate."
166,"Rejuvenation. A destroyed mummy lord gains a new body in 24 hours if its heart is intact, regaining all its hit points and becoming active again. The new body appears within 5 feet of the mummy lord's heart.Spellcasting. The mummy lord is a 10th-level spellcaster. Its spellcasting ability is Wisdom (spell save DC 17, +9 to hit with spell attacks). The mummy lord has the following cleric spells prepared:Cantrips (at will): sacred flame, thaumaturgy1st level (4 slots): command, guiding bolt, shield of faith2nd level (3 slots): hold person, silence, spiritual weapon3rd level (3 slots): animate dead, dispel magic4th level (3 slots): divination, guardian of faith5th level (2 slots): contagion, insect plague6th level (1 slot): harm"
154,"Rejuvenation. If it has a phylactery, a destroyed lich gains a new body in 1d10 days, regaining all its hit points and becoming active again. The new body appears within 5 feet of the phylactery. Spellcasting. The lich is an 18th-level spellcaster. Its spellcasting ability is Intelligence (spell save DC 20, +12 to hit with spell attacks). The lich has the following wizard spells prepared: Cantrips (at will): mage hand, prestidigitation, ray of frost 1st level (4 slots): detect magic, magic missile, shield, thunderwave 2nd level (3 slots): acid arrow, detect thoughts, invisibility, mirror image 3rd level (3 slots): animate dead, counterspell, dispel magic, fireball 4th level (3 slots): blight, dimension door 5th level (3 slots): cloudkill, scrying 6th level (1 slot): disintegrate, globe of invulnerability 7th level (1 slot): finger of death, plane shift 8th level (1 slot): dominate monster, power word stun 9th level (1 slot): power word kill Turn Resistance. The lich has advantage on saving throws against any effect that turns undead."
106,"Relentless (Recharges after a Short or Long Rest). If the boar takes 10 damage or less that would reduce it to 0 hit points, it is reduced to 1 hit point instead."
52,"Relentless (Recharges after a Short or Long Rest). If the boar takes 7 damage or less that would reduce it to 0 hit points, it is reduced to 1 hit point instead."
194,"Rust Metal. Any nonmagical weapon made of metal that hits the rust monster corrodes. After dealing damage, the weapon takes a permanent and cumulative −1 penalty to damage rolls. If its penalty drops to −5, the weapon is destroyed. Nonmagical ammunition made of metal that hits the rust monster is destroyed after dealing damage."
62,Sense Magic. The chuul senses magic within 120 feet of it at will. This trait otherwise works like the detect magic spell but isn't itself magical.
199,"Shadow Stealth. While in dim light or darkness, the shadow can take the Hide action as a bonus action. Sunlight Weakness. While in sunlight, the shadow has disadvantage on attack rolls, ability checks, and saving throws."
215,"Shapechanger. The fiend can use its action to polymorph into a Small or Medium humanoid, or back into its true form. Without wings, the fiend loses its flying speed. Other than its size and speed, its statistics are the same in each form. Any equipment it is wearing or carrying isn't transformed. It reverts to its true form if it dies."
85,Siege Monster. The elemental deals double damage to objects and structures.
222,Siege Monster. The treant deals double damage to objects and structures.
208,"Spellcasting. The naga is a 10th-level spellcaster. Its spellcasting ability is Intelligence (spell save DC 14, +6 to hit with spell attacks), and it needs only verbal components to cast its spells. It has the following wizard spells prepared: Cantrips (at will): mage hand, minor illusion, ray of frost 1st level (4 slots): charm person, detect magic, sleep 2nd level (3 slots): detect thoughts, hold person 3rd level (3 slots): lightning bolt, water breathing 4th level (3 slots): blight, dimension door 5th level (2 slots): dominate person"
134,"Spellcasting. The naga is an 11th-level spellcaster. Its spellcasting ability is Wisdom (spell save DC 16, +8 to hit with spell attacks), and it needs only verbal components to cast its spells. It has the following cleric spells prepared: Cantrips (at will): mending, sacred flame, thaumaturgy 1st level (4 slots): command, cure wounds, shield of faith 2nd level (3 slots): calm emotions, hold person 3rd level (3 slots): bestow curse, clairvoyance 4th level (3 slots): banishment, freedom of movement 5th level (2 slots): flame strike, geas 6th level (1 slot): true seeing"
171,"Spider Climb. The jelly can climb difficult surfaces, including upside down on ceilings, without needing to make an ability check."
180,"Spider Climb. The spider can climb difficult surfaces, including upside down on ceilings, without needing to make an ability check."
227,"Spider Climb. The vampire can climb difficult surfaces, including upside down on ceilings, without needing to make an ability check. Vampire Weaknesses. The vampire has the following flaws: Forbiddance. The vampire can't enter a residence without an invitation from one of the occupants. Harmed by Running Water. The vampire takes 20 acid damage when it ends its turn in running water. Stake to the Heart. The vampire is destroyed if a piercing weapon made of wood is driven into its heart while it is incapacitated in its resting place. Sunlight Hypersensitivity. The vampire takes 20 radiant damage when it starts its turn in sunlight. While in sunlight, it has disadvantage on attack rolls and ability checks."
138,"Stench. Any creature that starts its turn within 10 feet of the hezrou must succeed on a DC 14 Constitution saving throw or be poisoned until the start of its next turn. On a successful saving throw, the creature is immune to the hezrou's stench for 24 hours."
244,Stone Camouflage. The xorn has advantage on Dexterity (Stealth) checks made to hide in rocky terrain.
83,"Sunlight Sensitivity. While in sunlight, the duergar has disadvantage on attack rolls, as well as on Wisdom (Perception) checks that rely on sight."
207,"Sunlight Sensitivity. While in sunlight, the specter has disadvantage on attack rolls, as well as on Wisdom (Perception) checks that rely on sight."
242,"Sunlight Sensitivity. While in sunlight, the wraith has disadvantage on attack rolls, as well as on Wisdom (Perception) checks that rely on sight."
57,"Surprise Attack. If the bugbear surprises a creature and hits it with an attack during the first round of combat, the target takes an extra 7 (2d6) damage from the attack."
219,"Swarm. The swarm can occupy another creature's space and vice versa, and the swarm can move through any opening large enough for a Tiny rat. The swarm can't regain hit points or gain 
 temporary hit points."
94,"The golem's creator, if within 60 feet of the berserk golem, can try to calm it by speaking firmly and persuasively. The golem must be able to hear its creator, who must take an action to make a DC 15 Charisma (Persuasion) check. If the check succeeds, the golem ceases being berserk. If it takes damage while still at 40 hit points or fewer, the golem might go berserk again. Aversion of Fire. If the golem takes fire damage, it has disadvantage on attack rolls and ability checks until the end of its next turn. Immutable Form. The golem is immune to any spell or effect that would alter its form. Lightning Absorption. Whenever the golem is subjected to lightning damage, it takes no damage and instead regains a number of hit points equal to the lightning damage dealt. Magic Resistance. The golem has advantage on saving throws against spells and other magical effects. Magic Weapons. The golem's weapon attacks are magical."
100,Turning Defiance. The ghast and any ghouls within 30 feet of it have advantage on saving throws against effects that turn undead.
161,"Unless surprised, a creature can avert its eyes to avoid the saving throw at the start of its turn. If the creature does so, it can't see the medusa until the start of its next turn, when it can avert its eyes again. If the creature looks at the medusa in the meantime, it must immediately make the save.If the medusa sees itself reflected on a polished surface within 30 feet of it and in an area of bright light, the medusa is, due to its curse, affected by its own gaze."
90,"Wakeful. When one of the ettin's heads is asleep, its other head is awake."
89,"Web Sense. While in contact with a web, the ettercap knows the exact location of any other creature in contact with the same web.Web Walker. The ettercap ignores movement restrictions caused by webbing."
121,"Web Sense. While in contact with a web, the spider knows the exact location of any other creature in contact with the same web."
226,"While in bat form, the vampire can't speak, its walking speed is 5 feet, and it has a flying speed of 30 feet. Its statistics, other than its size and speed, are unchanged. Anything it is wearing transforms with it, but nothing it is carrying does. It reverts to its true form if it dies.While in mist form, the vampire can't take any actions, speak, or manipulate objects. It is weightless, has a flying speed of 20 feet, can hover, and can enter a hostile creature's space and stop there. In addition, if air can pass through a space, the mist can do so without squeezing, and it can’t pass through water. It has advantage on Strength, Dexterity, and Constitution saving throws, and it is immune to all nonmagical damage, except the damage it takes from sunlight. Legendary Resistance (3/Day). If the vampire fails a saving throw, it can choose to succeed instead. Misty Escape. When it drops to 0 hit points outside its resting place, the vampire transforms into a cloud of mist (as in the Shapechanger trait) instead of falling unconscious, provided that it isn't in sunlight or running water. If it can't transform, it is destroyed.While it has 0 hit points in mist form, it can't revert to its vampire form, and it must reach its resting place within 2 hours or be destroyed. Once in its resting place, it reverts to its vampire form. It is then paralyzed until it regains at least 1 hit point. After spending 1 hour in its resting place with 0 hit points, it regains 1 hit point. Regeneration. The vampire regains 20 hit points at the start of its turn if it has at least 1 hit point and isn't in sunlight or running water. If the vampire takes radiant damage or damage from holy water, this trait doesn't function at the start of the vampire's next turn. Spider Climb. The vampire can climb difficult surfaces, including upside down on ceilings, without needing to make an ability check. Vampire Weaknesses. The vampire has the following flaws: Forbiddance. The vampire can't enter a residence without an invitation from one of the occupants. Harmed by Running Water. The vampire takes 20 acid damage if it ends its turn in running water. Stake to the Heart. If a piercing weapon made of wood is driven into the vampire's heart while the vampire is incapacitated in its resting place, the vampire is paralyzed until the stake is removed. Sunlight Hypersensitivity. The vampire takes 20 radiant damage when it starts its turn in sunlight. While in sunlight, it has disadvantage on attack rolls and ability checks."
122,Aberrant Ground. The ground in a 10-foot radius around the mouther is doughlike difficult terrain. Each creature that starts its turn in that area must succeed on a DC 10 Strength saving throw or have its speed reduced to 0 until the start of its next turn.
63,"Acid Absorption. Whenever the golem is subjected to acid damage, it takes no damage and instead regains a number of hit points equal to the acid damage dealt."
171,Amorphous. The jelly can move through a space as narrow as 1 inch wide without squeezing.
128,Amorphous. The ooze can move through a space as narrow as 1 inch wide without squeezing.
48,Amorphous. The pudding can move through a space as narrow as 1 inch wide without squeezing.
199,Amorphous. The shadow can move through a space as narrow as 1 inch wide without squeezing.
126,Amphibious: The dragon can breathe air and water.
62,Amphibious. The chuul can breathe air and water.
1,Amphibious. The dragon can breathe air and water.
4,Amphibious. The dragon can breathe air and water.
12,Amphibious. The dragon can breathe air and water.
15,Amphibious. The dragon can breathe air and water.
6,Amphibious. The dragon can breathe air and water.
7,Amphibious. The dragon can breathe air and water.
17,Amphibious. The dragon can breathe air and water.
18,Amphibious. The dragon can breathe air and water.
214,Amphibious. The giant can breathe air and water.
130,Amphibious. The hag can breathe air and water.
76,"Angelic Weapons. The deva's weapon attacks are magical. When the deva hits with any weapon, the weapon deals an extra 4d8 radiant damage (included in the attack)."
182,"Angelic Weapons. The planetar's weapon attacks are magical. When the planetar hits with any weapon, the weapon deals an extra 5d8 radiant damage (included in the attack)."
23,"Antimagic Susceptibility. The armor is incapacitated while in the area of an antimagic field. If targeted by dispel magic, the armor must succeed on a Constitution saving throw against the caster's spell save DC or fall unconscious for 1 minute."
96,"Antimagic Susceptibility. The sword is incapacitated while in the area of an antimagic field. If targeted by dispel magic, the sword must succeed on a Constitution saving throw against the caster's spell save DC or fall unconscious for 1 minute."
41,"Barbed Hide. At the start of each of its turns, the barbed devil deals 5 (1d10) piercing damage to any creature grappling it."
94,"Berserk. Whenever the golem starts its turn with 40 hit points or fewer, roll a d6. On a 6, the golem goes berserk. On each of its turns while berserk, the golem attacks the nearest creature it can see. If no creature is near enough to move to and attack, the golem attacks an object, with preference for an object smaller than itself. Once the golem goes berserk, it continues to do so until it is destroyed or regains all its hit points."
133,Blind Senses. The grimlock can't use its blindsight while deafened and unable to smell.
196,Blood Frenzy. The sahuagin has advantage on melee attack rolls against any creature that doesn't have all its hit points.
201,"Bound. The shield guardian is magically bound to an amulet. As long as the guardian and its amulet are on the same plane of existence, the amulet's wearer can telepathically call the guardian to travel to it, and the guardian knows the distance and direction to the amulet. If the guardian is within 60 feet of the amulet's wearer, half of any damage the wearer takes (rounded up) is transferred to the guardian."
57,Brute. A melee weapon deals one extra die of its damage when the bugbear hits with it (included in the attack).
52,"Charge. If the boar moves at least 20 feet straight toward a target and then hits it with a tusk attack on the same turn, the target takes an extra 3 (1d6) slashing damage. If the target is a creature, it must succeed on a DC 11 Strength saving throw or be knocked prone."
106,"Charge. If the boar moves at least 20 feet straight toward a target and then hits it with a tusk attack on the same turn, the target takes an extra 7 (2d6) slashing damage. If the target is a creature, it must succeed on a DC 13 Strength saving throw or be knocked prone."
163,"Charge. If the minotaur moves at least 10 feet straight toward a target and then hits it with a gore attack on the same turn, the target takes an extra 9 (2d8) piercing damage. If the target is a creature, it must succeed on a DC 14 Strength saving throw or be pushed up to 10 feet away and knocked prone."
225,"Charge. If the unicorn moves at least 20 feet straight toward a target and then hits it with a horn attack on the same turn, the target takes an extra 9 (2d8) piercing damage. If the target is a creature, it must succeed on a DC 15 Strength saving throw or be knocked prone."
169,Confer Fire Resistance. The nightmare can grant resistance to fire damage to anyone riding it.
238,"Consume Life. As a bonus action, the will-o'-wisp can target one creature it can see within 5 feet of it that has 0 hit points and is still alive. The target must succeed on a DC 10 Constitution saving throw against this magic or die. If the target dies, the will-o'-wisp regains 10 (3d6) hit points."
64,"Damage Transfer. While attached to a creature, the cloaker takes only half the damage dealt to it (rounded down), and that creature takes the other half."
158,"Death Burst. When the magmin dies, it explodes in a burst of fire and magma. Each creature within 10 feet of it must make a DC 11 Dexterity saving throw, taking 7 (2d6) fire damage on a failed save, or half as much damage on a successful one. Flammable objects that aren't being worn or carried in that area are ignited."
84,"Death Burst. When the mephit dies, it explodes in a burst of dust. Each creature within 5 feet of it must then succeed on a DC 10 Constitution saving throw or be blinded for 1 minute. A blinded creature can repeat the saving throw on each of its turns, ending the effect on itself on a success."
147,"Death Burst. When the mephit dies, it explodes in a burst of jagged ice. Each creature within 5 feet of it must make a DC 10 Dexterity saving throw, taking 4 (1d8) slashing damage on a failed save, or half as much damage on a successful one."
210,"Death Burst. When the mephit dies, it explodes in a cloud of steam. Each creature within 5 feet of the mephit must succeed on a DC 10 Dexterity saving throw or take 4 (1d8) fire damage."
32,"Death Throes. When the balor dies, it explodes, and each creature within 30 feet of it must make a DC 20 Dexterity saving throw, taking 70 (20d6) fire damage on a failed save, or half as much damage on a successful one. The explosion ignites flammable objects in that area that aren't being worn or carried, and it destroys the balor's weapons."
40,Detect Life. The banshee can magically sense the presence of creatures up to 5 miles away that aren’t undead or constructs. She knows the general direction they’re in but not their exact locations.
53,Devil's Sight. Magical darkness doesn't impede the devil's darkvision.
60,Devil's Sight. Magical darkness doesn't impede the devil's darkvision.
143,Devil's Sight. Magical darkness doesn't impede the devil's darkvision.
146,Devil's Sight. Magical darkness doesn't impede the devil's darkvision.
44,Devil's Sight. Magical darkness doesn't impede the devil's darkvision.
153,Devil's Sight. Magical darkness doesn't impede the lemure's darkvision.
83,"Duergar Resilience. The duergar has advantage on saving throws against poison, spells, and illusions, as well as to resist being charmed or paralyzed."
85,"Earth Glide. The elemental can burrow through nonmagical, unworked earth and stone. While doing so, the elemental doesn't disturb the material it moves through."
105,Echolocation. The bat can't use its blindsight while deafened.
43,Echolocation. The bat can't use its blindsight while deafened.
72,Echolocation. The darkmantle can't use its blindsight while deafened.
216,Echolocation. The swarm can’t use its blindsight while deafened.
78,"Elemental Demise. If the djinni dies, its body disintegrates into a warm breeze, leaving behind only equipment the djinni was wearing or carrying."
86,"Elemental Demise. If the efreeti dies, its body disintegrates in a flash of fire and puff of smoke, leaving behind only equipment the efreeti was wearing or carrying."
101,"Ethereal Sight. The ghost can see 60 feet into the Ethereal Plane when it is on the Material Plane, and vice versa."
193,"False Appearance. While the roper remains motionless, it is indistinguishable from a normal cave formation, such as a stalagmite."
222,"False Appearance. While the treant remains motionless, it is indistinguishable from a normal tree."
245,"Fear of Fire. If the yeti takes fire damage, it has disadvantage on attack rolls and ability checks until the end of its next turn."
80,"Fey Ancestry. The drider has advantage on saving throws against being charmed, and magic can't put the drider to sleep."
81,"Fey Ancestry. The drow has advantage on saving throws against being charmed, and magic can’t put the drow to sleep."
149,"Fire Absorption. Whenever the golem is subjected to fire damage, it takes no damage and instead regains a number of hit points equal to the fire damage dealt."
91,"Fire Form. The elemental can move through a space as narrow as 1 inch wide without squeezing. A creature that touches the elemental or hits it with a melee attack while within 5 feet of it takes 5 (1d10) fire damage. In addition, the elemental can enter a hostile creature's space and stop there. The first time it enters a creature's space on a turn, that creature takes 5 (1d10) fire damage and catches fire; until someone takes an action to douse the fire, the creature takes 5 (1d10) fire damage at the start of each of its turns."
29,Heated Body. A creature that touches the azer or hits it with a melee attack while within 5 feet of it takes 5 (1d10) fire damage.
197,Heated Body. A creature that touches the salamander or hits it with a melee attack while within 5 feet of it takes 7 (2d6) fire damage.
88,Hellish Weapons. The erinyes's weapon attacks are magical and deal an extra 13 (3d8) poison damage on a hit (included in the attacks).
144,Hold Breath. The hydra can hold its breath for 1 hour.
10,"Ice Walk. The dragon can move across and climb icy surfaces without needing to make an ability check. Additionally, difficult terrain composed of ice or snow doesn't cost it extra movement."
21,"Ice Walk. The dragon can move across and climb icy surfaces without needing to make an ability check. Additionally, difficult terrain composed of ice or snow doesn't cost it extra movement."
93,"Illumination. The flameskull sheds either dim light in a 15-foot radius, or bright light in a 15-foot radius and dim light for an additional 15 feet. It can switch between the options as an action."
207,Incorporeal Movement. The specter can move through other creatures and objects as if they were difficult terrain. It takes 5 (1d10) force damage if it ends its turn inside an object.
242,Incorporeal Movement. The wraith can move through other creatures and objects as if they were difficult terrain. It takes 5 (1d10) force damage if it ends its turn inside an object.
69,"Innate Spellcasting. The couatl's spellcasting ability is Charisma (spell save DC 14). It can innately cast the following spells, requiring only verbal components:"
82,"Innate Spellcasting. The dryad's innate spellcasting ability is Charisma (spell save DC 14). The dryad can innately cast the following spells, requiring no material components:"
123,"Innate Spellcasting. The glabrezu's spellcasting ability is Intelligence (spell save DC 16). The glabrezu can innately cast the following spells, requiring no material components:"
168,"Innate Spellcasting. The hag's innate spellcasting ability is Charisma (spell save DC 14, +6 to hit with spell attacks). She can innately cast the following spells, requiring no material components:"
152,"Innate Spellcasting. The lamia's innate spellcasting ability is Charisma (spell save DC 13). It can innately cast the following spells, requiring no material components."
174,"Innate Spellcasting. The oni's innate spellcasting ability is Charisma (spell save DC 13). The oni can innately cast the following spells, requiring no material components:"
22,"Inscrutable. The sphinx is immune to any effect that would sense its emotions or read its thoughts, as well as any divination spell that it refuses. Wisdom (Insight) checks made to ascertain the sphinx's intentions or sincerity have disadvantage."
135,"Inscrutable. The sphinx is immune to any effect that would sense its emotions or read its thoughts, as well as any divination spell that it refuses. Wisdom (Insight) checks made to ascertain the sphinx's intentions or sincerity have disadvantage."
194,"Iron Scent. The rust monster can pinpoint, by scent, the location of ferrous metal within 30 feet of it."
137,Keen Hearing and Smell. The hound has advantage on Wisdom (Perception) checks that rely on hearing or smell.
150,Keen Hearing and Smell. The jackal has advantage on Wisdom (Perception) checks that rely on hearing or smell.
77,Keen Hearing and Smell. The wolf has advantage on Wisdom (Perception) checks that rely on hearing or smell.
240,Keen Hearing and Smell. The wolf has advantage on Wisdom (Perception) checks that rely on hearing or smell.
239,Keen Hearing and Smell. The wolf has advantage on Wisdom (Perception) checks that rely on hearing or smell.
118,Keen Sight and Smell. The vulture has advantage on Wisdom (Perception) checks that rely on sight or smell.
50,Keen Sight. The hawk has advantage on Wisdom (Perception) checks that rely on sight.
65,Keen Smell. The giant has advantage on Wisdom (Perception) checks that rely on smell.
155,Keen Smell. The lion has advantage on Wisdom (Perception) checks that rely on smell.
178,Keen Smell. The panther has advantage on Wisdom (Perception) checks that rely on smell.
116,Keen Smell. The rat has advantage on Wisdom (Perception) checks that rely on smell.
219,Keen Smell. The swarm has advantage on Wisdom (Perception) checks that rely on smell.
221,Keen Smell. The tiger has advantage on Wisdom (Perception) checks that rely on smell.
195,Keen Smell. The tiger has advantage on Wisdom (Perception) checks that rely on smell.
223,Keen Smell. The troll has advantage on Wisdom (Perception) checks that rely on smell.
245,"Keen Smell. The yeti has advantage on Wisdom (Perception) checks that rely on smell.
Snow Camouflage. The yeti has advantage on Dexterity (Stealth) checks made to hide in snowy terrain."
154,"Legendary Resistance (3/Day). If the lich fails a saving throw, it can choose to succeed instead."
188,Limited Magic Immunity. The rakshasa can't be affected or detected by spells of 6th level or lower unless it wishes to be. It has advantage on saving throws against all other spells and magical effects.
181,Magic Resistance: Magic Weapons
93,"Magic Resistance. The flameskull has advantage on saving throws against spells and other magical effects.Rejuvenation. If the flameskull is destroyed, it regains all its hit points in 1 hour unless holy water is sprinkled on its remains or a dispel magic or remove curse spell is cast on them.Spellcasting. The flameskull is a 5th-level spellcaster. Its spellcasting ability is Intelligence (spell save DC 13, +5 to hit with spell attacks). It requires no somatic or material components to cast its spells. The flameskull has the following wizard spells prepared:
Cantrip (at will): mage hand1st level (3 slots): magic missile, shield
2nd level (2 slots): blur, flaming sphere
3rd level (1 slot): fireball"
138,Magic Resistance. The hezrou has advantage on saving throws against spells and other magical effects.
160,Magic Resistance. The marilith has advantage on saving throws against spells and other magical effects.
166,Magic Resistance. The mummy lord has advantage on saving throws against spells and other magical effects.
185,Magic Resistance. The pseudodragon has advantage on saving throws against spells and other magical effects.
99,"Ooze Cube. The cube takes up its entire space. Other creatures can enter the space, but a creature that does so is subjected to the cube's Engulf and has disadvantage on the saving throw."
42,"Petrifying Gaze. If a creature starts its turn within 30 feet of the basilisk and the two of them can see each other, the basilisk can force the creature to make a DC 12 Constitution saving throw if the basilisk isn't incapacitated. On a failed save, the creature magically begins to turn to stone and is restrained. It must repeat the saving throw at the end of its next turn. On a success, the effect ends. On a failure, the creature is petrified until freed by the greater restoration spell or other magic."
161,"Petrifying Gaze. When a creature that can see the medusa's eyes starts its turn within 30 feet of the medusa, the medusa can force it to make a DC 14 Constitution saving throw if the medusa isn't incapacitated and can see the creature. If the saving throw fails by 5 or more, the creature is instantly petrified. Otherwise, a creature that fails the save begins to turn to stone and is restrained. The restrained creature must repeat the saving throw at the end of its next turn, becoming petrified on a failure or ending the effect on a success. The petrification lasts until the creature is freed by the greater restoration spell or other magic."
227,"Regeneration. The vampire regains 10 hit points at the start of its turn if it has at least 1 hit point and isn't in sunlight or running water. If the vampire takes radiant damage or damage from holy water, this trait doesn't function at the start of the vampire's next turn."
208,"Rejuvenation. If it dies, the naga returns to life in 1d6 days and regains all its hit points. Only a wish spell can prevent this trait from functioning."
134,"Rejuvenation. If it dies, the naga returns to life in 1d6 days and regains all its hit points. Only a wish spell can prevent this trait from functioning."
226,"Shapechanger. If the vampire isn't in sunlight or running water, it can use its action to polymorph into a Tiny bat or a Medium cloud of mist, or back into its true form."
148,"Shapechanger. The imp can use its action to polymorph into a beast form that resembles a rat (speed 20 ft.), a raven (20 ft., fly 60 ft.), or a spider (20 ft., climb 20 ft.), or back into its true form. Its statistics are the same in each form, except for the speed changes noted. Any equipment it is wearing or carrying isn't transformed. It reverts to its true form if it dies."
162,"Shapechanger. The mimic can use its action to polymorph into an object or back into its true, amorphous form. Its statistics are the same in each form. Any equipment it is wearing or carrying isn't transformed. It reverts to its true form if it dies."
187,"Shapechanger. The quasit can use its action to polymorph into a beast form that resembles a bat (speed 10 ft. fly 40 ft.), a centipede (40 ft., climb 40 ft.), or a toad (40 ft., swim 40 ft.), or back into its true form. Its statistics are the same in each form, except for the speed changes noted. Any equipment it is wearing or carrying isn't transformed. It reverts to its true form if it dies."
229,"Shapechanger. The werebear can use its action to polymorph into a Large bear-humanoid hybrid or into a Large bear, or back into its true form, which is humanoid. Its statistics, other than its size and AC, are the same in each form. Any equipment it is wearing or carrying isn't transformed. It reverts to its true form if it dies."
230,"Shapechanger. The wereboar can use its action to polymorph into a boar-humanoid hybrid or into a boar, or back into its true form, which is humanoid. Its statistics, other than its AC, are the same in each form. Any equipment it is wearing or carrying isn't transformed. It reverts to its true form if it dies."
232,"Shapechanger. The weretiger can use its action to polymorph into a tiger-humanoid hybrid or into a tiger, or back into its true form, which is humanoid. Its statistics, other than its size, are the same in each form. Any equipment it is wearing or carrying isn't transformed. It reverts to its true form if it dies."
233,"Shapechanger. The werewolf can use its action to polymorph into a wolf-humanoid hybrid or into a wolf, or back into its true form, which is humanoid. Its statistics, other than its AC, are the same in each form. Any equipment it is wearing or carrying isn't transformed. It reverts to its true form if it dies."
100,"Stench. Any creature that starts its turn within 5 feet of the ghast must succeed on a DC 10 Constitution saving throw or be poisoned until the start of its next turn. On a successful saving throw, the creature is immune to the ghast's Stench for 24 hours."
74,Stone Camouflage. The gnome has advantage on Dexterity (Stealth) checks made to hide in rocky terrain.
151,"Sunlight Sensitivity. While in sunlight, the kobold has disadvantage on attack rolls, as well as on Wisdom (Perception) checks that rely on sight."
215,Telepathic Bond. The fiend ignores the range restriction on its telepathy when communicating with a creature it has charmed. The two don't even need to be on the same plane of existence.
90,"Two Heads. The ettin has advantage on Wisdom (Perception) checks and on saving throws against being blinded, charmed, deafened, frightened, stunned, and knocked unconscious."
228,Water Form. The elemental can enter a hostile creature's space and stop there. It can move through a space as narrow as 1 inch wide without squeezing.
157,"Innate Spellcasting.(1/Day). The mephit can innately cast heat metal (spell save DC 10), requiring no material components. Its innate spellcasting ability is Charisma."
205,Magic Resistance. The solar has advantage on saving throws against spells and other magical effects.
241,on Wisdom (Perception) checks that rely on hearing or smell.
213,The golem's weapon attacks are magical.
180,Web Walker. The spider ignores movement restrictions caused by webbing.
231,". Its statistics, other than its size, are the same in each form. Any equipment it is wearing or carrying isn't transformed. It reverts to its true form if it dies. Keen Smell. The wererat has advantage on Wisdom (Perception) checks that rely on smell."
89,Web Walker. The ettercap ignores movement restrictions caused by webbing.
121,Web Walker. The spider ignores movement restrictions caused by webbing.
181,Innate Spellcasting: Fireball--Hold Monster--Wall of Fire
244,"Treasure Sense. The xorn can pinpoint, by scent, the location of precious metals and stones, such as coins and gems, within 60 feet of it."
257,"Axefaire. The barbarian gains a +1 bonus to attack rolls with axes and hammers (included in the attack). Whenever the barbarian has advantage on a melee attack roll it makes with an axe or hammer and hits, it can knock the target prone if the lower of the d20 rolls would also have hit. When the barbarian has disadvantage on a melee attack roll it makes with an axe or hammer, the target takes 2 bludgeoning damage if the barbarian misses but the higher d20 roll would have hit. When the barbarian takes the Help action to aid an ally's melee attack, in addition to the ally gaining advantage on the roll, the ally also gains a +2 bonus to its attack roll if the target is using a shield."
